{"v":"5.5.3","fr":29.9700012207031,"ip":0,"op":60.0000024438501,"w":375,"h":480,"nm":"폭죽_전체스퀘어_최종","ddd":1,"assets":[],"layers":[{"ddd":1,"ind":1,"ty":4,"nm":"s_04","sr":1,"ks":{"o":{"a":1,"k":[{"i":{"x":[0.833],"y":[0.833]},"o":{"x":[0.167],"y":[0.167]},"t":1,"s":[0]},{"i":{"x":[0.833],"y":[0.833]},"o":{"x":[0.167],"y":[0.167]},"t":10,"s":[100]},{"i":{"x":[0.833],"y":[0.833]},"o":{"x":[0.167],"y":[0.167]},"t":31,"s":[100]},{"t":36.0000014663101,"s":[0]}],"ix":11},"rx":{"a":1,"k":[{"i":{"x":[0.833],"y":[0.833]},"o":{"x":[0.167],"y":[0.167]},"t":4,"s":[0]},{"i":{"x":[0.833],"y":[0.833]},"o":{"x":[0.167],"y":[0.167]},"t":13,"s":[360]},{"i":{"x":[0.833],"y":[0.833]},"o":{"x":[0.167],"y":[0.167]},"t":15,"s":[443]},{"t":71.0000028918893,"s":[2880]}],"ix":8},"ry":{"a":0,"k":0,"ix":9},"rz":{"a":0,"k":2966.6,"ix":10},"or":{"a":1,"k":[{"i":{"x":0.833,"y":0.833},"o":{"x":0.167,"y":0.167},"t":13,"s":[46,43,72],"to":[72,0,0],"ti":[1,0,0]},{"t":16.0000006516934,"s":[46,1,72]}],"ix":7},"p":{"a":1,"k":[{"i":{"x":0.833,"y":0.758},"o":{"x":0.248,"y":0.36},"t":0,"s":[198.07,389.606,-1.906],"to":[0,-0.833,0],"ti":[-4.866,13.532,0]},{"i":{"x":0.689,"y":1},"o":{"x":0.248,"y":0.344},"t":4,"s":[198.07,339.606,-1.906],"to":[21.817,-60.674,0],"ti":[-24.515,42.024,0]},{"i":{"x":0.688,"y":1},"o":{"x":0.332,"y":0},"t":13,"s":[240.5,229.375,0],"to":[1.616,-2.77,0],"ti":[0,0,0]},{"t":71.0000028918893,"s":[261.5,631.375,0]}],"ix":2},"a":{"a":0,"k":[0,0,0],"ix":1},"s":{"a":0,"k":[103.331,169.724,130],"ix":6}},"ao":0,"shapes":[{"ty":"gr","it":[{"ind":0,"ty":"sh","ix":1,"ks":{"a":0,"k":{"i":[[0,0]],"o":[[0,0]],"v":[[-3411.937,-159.493]],"c":false},"ix":2},"nm":"Path 1","mn":"ADBE Vector Shape - Group","hd":false},{"ty":"fl","c":{"a":0,"k":[0.156862745098,0.701960784314,0.741176470588,1],"ix":4},"o":{"a":0,"k":100,"ix":5},"r":1,"bm":0,"nm":"Fill 1","mn":"ADBE Vector Graphic - Fill","hd":false},{"ty":"tr","p":{"a":0,"k":[0,0],"ix":2},"a":{"a":0,"k":[0,0],"ix":1},"s":{"a":0,"k":[100,100],"ix":3},"r":{"a":0,"k":0,"ix":6},"o":{"a":0,"k":100,"ix":7},"sk":{"a":0,"k":0,"ix":4},"sa":{"a":0,"k":0,"ix":5},"nm":"Transform"}],"nm":"Shape 2","np":3,"cix":2,"bm":0,"ix":1,"mn":"ADBE Vector Group","hd":false},{"ty":"gr","it":[{"ind":0,"ty":"sh","ix":1,"ks":{"a":0,"k":{"i":[[0,0],[0,0],[0,0],[0,0]],"o":[[0,0],[0,0],[0,0],[0,0]],"v":[[-68.743,-133.682],[-63.961,-119.225],[-52.697,-126.763],[-58.632,-140.864]],"c":true},"ix":2},"nm":"Path 1","mn":"ADBE Vector Shape - Group","hd":false},{"ty":"fl","c":{"a":0,"k":[0.156862750649,0.701960802078,0.741176486015,1],"ix":4},"o":{"a":0,"k":100,"ix":5},"r":1,"bm":0,"nm":"Fill 1","mn":"ADBE Vector Graphic - Fill","hd":false},{"ty":"tr","p":{"a":0,"k":[6.058,0.065],"ix":2},"a":{"a":0,"k":[-58,-132],"ix":1},"s":{"a":0,"k":[100,74.065],"ix":3},"r":{"a":0,"k":13.917,"ix":6},"o":{"a":0,"k":100,"ix":7},"sk":{"a":0,"k":0,"ix":4},"sa":{"a":0,"k":0,"ix":5},"nm":"Transform"}],"nm":"Shape 1","np":3,"cix":2,"bm":0,"ix":2,"mn":"ADBE Vector Group","hd":false}],"ip":0,"op":73.000002973351,"st":-4.00000016292334,"bm":0},{"ddd":1,"ind":2,"ty":4,"nm":"G_10","sr":1,"ks":{"o":{"a":1,"k":[{"i":{"x":[0.833],"y":[0.833]},"o":{"x":[0.167],"y":[0.167]},"t":1,"s":[0]},{"i":{"x":[0.833],"y":[0.833]},"o":{"x":[0.167],"y":[0.167]},"t":14,"s":[100]},{"i":{"x":[0.833],"y":[0.833]},"o":{"x":[0.167],"y":[0.167]},"t":44,"s":[100]},{"t":49.0000019958109,"s":[0]}],"ix":11},"rx":{"a":0,"k":23.875,"ix":8},"ry":{"a":1,"k":[{"i":{"x":[0.833],"y":[0.833]},"o":{"x":[0.167],"y":[0.167]},"t":4,"s":[0]},{"i":{"x":[0.667],"y":[1]},"o":{"x":[0.167],"y":[0.167]},"t":16,"s":[360]},{"i":{"x":[0.833],"y":[0.833]},"o":{"x":[0.167],"y":[0.167]},"t":18,"s":[443]},{"t":71.0000028918893,"s":[2880]}],"ix":9},"rz":{"a":1,"k":[{"i":{"x":[0.833],"y":[0.833]},"o":{"x":[0.167],"y":[0.167]},"t":4,"s":[2520]},{"i":{"x":[0.667],"y":[1]},"o":{"x":[0.167],"y":[0.167]},"t":16,"s":[2550]},{"i":{"x":[0.833],"y":[0.833]},"o":{"x":[0.167],"y":[0.167]},"t":18,"s":[2520]},{"t":71.0000028918893,"s":[3960]}],"ix":10},"or":{"a":0,"k":[277.248,237.718,207.76],"ix":7},"p":{"a":1,"k":[{"i":{"x":0.833,"y":0.758},"o":{"x":0.248,"y":0.36},"t":0,"s":[158.07,339.606,-1.906],"to":[0,-0.833,0],"ti":[-4.866,13.532,0]},{"i":{"x":0.689,"y":1},"o":{"x":0.248,"y":0.176},"t":4,"s":[158.07,289.606,-1.906],"to":[21.817,-60.674,0],"ti":[-24.515,42.024,0]},{"i":{"x":0.688,"y":1},"o":{"x":0.332,"y":0},"t":16,"s":[-24,53.375,0],"to":[1.616,-2.77,0],"ti":[0,0,0]},{"t":71.0000028918893,"s":[-73.5,686.375,0]}],"ix":2},"a":{"a":0,"k":[0,0,0],"ix":1},"s":{"a":0,"k":[119.229,195.836,150],"ix":6}},"ao":0,"shapes":[{"ty":"gr","it":[{"ind":0,"ty":"sh","ix":1,"ks":{"a":0,"k":{"i":[[0,0]],"o":[[0,0]],"v":[[-3411.937,-159.493]],"c":false},"ix":2},"nm":"Path 1","mn":"ADBE Vector Shape - Group","hd":false},{"ty":"fl","c":{"a":0,"k":[0.156862745098,0.701960784314,0.741176470588,1],"ix":4},"o":{"a":0,"k":100,"ix":5},"r":1,"bm":0,"nm":"Fill 1","mn":"ADBE Vector Graphic - Fill","hd":false},{"ty":"tr","p":{"a":0,"k":[0,0],"ix":2},"a":{"a":0,"k":[0,0],"ix":1},"s":{"a":0,"k":[100,100],"ix":3},"r":{"a":0,"k":0,"ix":6},"o":{"a":0,"k":100,"ix":7},"sk":{"a":0,"k":0,"ix":4},"sa":{"a":0,"k":0,"ix":5},"nm":"Transform"}],"nm":"Shape 2","np":3,"cix":2,"bm":0,"ix":1,"mn":"ADBE Vector Group","hd":false},{"ty":"gr","it":[{"ind":0,"ty":"sh","ix":1,"ks":{"a":0,"k":{"i":[[0,0],[0,0],[0,0],[0,0]],"o":[[0,0],[0,0],[0,0],[0,0]],"v":[[-68.743,-133.682],[-63.961,-119.225],[-52.697,-126.763],[-58.632,-140.864]],"c":true},"ix":2},"nm":"Path 1","mn":"ADBE Vector Shape - Group","hd":false},{"ty":"fl","c":{"a":0,"k":[0.156862750649,0.701960802078,0.741176486015,1],"ix":4},"o":{"a":0,"k":100,"ix":5},"r":1,"bm":0,"nm":"Fill 1","mn":"ADBE Vector Graphic - Fill","hd":false},{"ty":"tr","p":{"a":0,"k":[6.058,0.065],"ix":2},"a":{"a":0,"k":[-58,-132],"ix":1},"s":{"a":0,"k":[100,74.065],"ix":3},"r":{"a":0,"k":13.917,"ix":6},"o":{"a":0,"k":100,"ix":7},"sk":{"a":0,"k":0,"ix":4},"sa":{"a":0,"k":0,"ix":5},"nm":"Transform"}],"nm":"Shape 1","np":3,"cix":2,"bm":0,"ix":2,"mn":"ADBE Vector Group","hd":false}],"ip":0,"op":73.000002973351,"st":-4.00000016292334,"bm":0},{"ddd":1,"ind":3,"ty":4,"nm":"G_12","sr":1,"ks":{"o":{"a":1,"k":[{"i":{"x":[0.833],"y":[0.833]},"o":{"x":[0.167],"y":[0.167]},"t":2,"s":[0]},{"i":{"x":[0.833],"y":[0.833]},"o":{"x":[0.167],"y":[0.167]},"t":10,"s":[100]},{"i":{"x":[0.833],"y":[0.833]},"o":{"x":[0.167],"y":[0.167]},"t":34,"s":[100]},{"t":39.0000015885026,"s":[0]}],"ix":11},"rx":{"a":0,"k":23.875,"ix":8},"ry":{"a":1,"k":[{"i":{"x":[0.833],"y":[0.833]},"o":{"x":[0.167],"y":[0.167]},"t":4,"s":[0]},{"i":{"x":[0.667],"y":[1]},"o":{"x":[0.167],"y":[0.167]},"t":12,"s":[360]},{"i":{"x":[0.833],"y":[0.833]},"o":{"x":[0.167],"y":[0.167]},"t":14,"s":[443]},{"t":71.0000028918893,"s":[2880]}],"ix":9},"rz":{"a":1,"k":[{"i":{"x":[0.833],"y":[0.833]},"o":{"x":[0.167],"y":[0.167]},"t":4,"s":[2520]},{"i":{"x":[0.667],"y":[1]},"o":{"x":[0.167],"y":[0.167]},"t":12,"s":[2550]},{"i":{"x":[0.833],"y":[0.833]},"o":{"x":[0.167],"y":[0.167]},"t":14,"s":[2520]},{"t":71.0000028918893,"s":[3240]}],"ix":10},"or":{"a":0,"k":[277.248,237.718,207.76],"ix":7},"p":{"a":1,"k":[{"i":{"x":0.833,"y":0.758},"o":{"x":0.248,"y":0.36},"t":0,"s":[168.07,319.606,-1.906],"to":[0,-0.833,0],"ti":[-4.866,13.532,0]},{"i":{"x":0.689,"y":1},"o":{"x":0.248,"y":0.111},"t":4,"s":[168.07,269.606,-1.906],"to":[21.817,-60.674,0],"ti":[-24.515,42.024,0]},{"i":{"x":0.689,"y":1},"o":{"x":0.332,"y":0},"t":12,"s":[46,-26.625,0],"to":[1.616,-2.77,0],"ti":[0,0,0]},{"t":39.0000015885026,"s":[-31,331.375,0]}],"ix":2},"a":{"a":0,"k":[0,0,0],"ix":1},"s":{"a":0,"k":[158.971,261.114,200],"ix":6}},"ao":0,"shapes":[{"ty":"gr","it":[{"ind":0,"ty":"sh","ix":1,"ks":{"a":0,"k":{"i":[[0,0]],"o":[[0,0]],"v":[[-3411.937,-159.493]],"c":false},"ix":2},"nm":"Path 1","mn":"ADBE Vector Shape - Group","hd":false},{"ty":"fl","c":{"a":0,"k":[0.156862745098,0.701960784314,0.741176470588,1],"ix":4},"o":{"a":0,"k":100,"ix":5},"r":1,"bm":0,"nm":"Fill 1","mn":"ADBE Vector Graphic - Fill","hd":false},{"ty":"tr","p":{"a":0,"k":[0,0],"ix":2},"a":{"a":0,"k":[0,0],"ix":1},"s":{"a":0,"k":[100,100],"ix":3},"r":{"a":0,"k":0,"ix":6},"o":{"a":0,"k":100,"ix":7},"sk":{"a":0,"k":0,"ix":4},"sa":{"a":0,"k":0,"ix":5},"nm":"Transform"}],"nm":"Shape 2","np":3,"cix":2,"bm":0,"ix":1,"mn":"ADBE Vector Group","hd":false},{"ty":"gr","it":[{"ind":0,"ty":"sh","ix":1,"ks":{"a":0,"k":{"i":[[0,0],[0,0],[0,0],[0,0]],"o":[[0,0],[0,0],[0,0],[0,0]],"v":[[-68.743,-133.682],[-63.961,-119.225],[-52.697,-126.763],[-58.632,-140.864]],"c":true},"ix":2},"nm":"Path 1","mn":"ADBE Vector Shape - Group","hd":false},{"ty":"fl","c":{"a":0,"k":[0.156862750649,0.701960802078,0.741176486015,1],"ix":4},"o":{"a":0,"k":100,"ix":5},"r":1,"bm":0,"nm":"Fill 1","mn":"ADBE Vector Graphic - Fill","hd":false},{"ty":"tr","p":{"a":0,"k":[6.058,0.065],"ix":2},"a":{"a":0,"k":[-58,-132],"ix":1},"s":{"a":0,"k":[100,74.065],"ix":3},"r":{"a":0,"k":13.917,"ix":6},"o":{"a":0,"k":100,"ix":7},"sk":{"a":0,"k":0,"ix":4},"sa":{"a":0,"k":0,"ix":5},"nm":"Transform"}],"nm":"Shape 1","np":3,"cix":2,"bm":0,"ix":2,"mn":"ADBE Vector Group","hd":false}],"ip":0,"op":73.000002973351,"st":-4.00000016292334,"bm":0},{"ddd":1,"ind":4,"ty":4,"nm":"G_09","sr":1,"ks":{"o":{"a":1,"k":[{"i":{"x":[0.833],"y":[0.833]},"o":{"x":[0.167],"y":[0.167]},"t":2,"s":[0]},{"i":{"x":[0.833],"y":[0.833]},"o":{"x":[0.167],"y":[0.167]},"t":10,"s":[100]},{"i":{"x":[0.833],"y":[0.833]},"o":{"x":[0.167],"y":[0.167]},"t":32,"s":[100]},{"t":42.0000017106951,"s":[0]}],"ix":11},"rx":{"a":0,"k":23.875,"ix":8},"ry":{"a":1,"k":[{"i":{"x":[0.833],"y":[0.833]},"o":{"x":[0.167],"y":[0.167]},"t":4,"s":[0]},{"i":{"x":[0.667],"y":[1]},"o":{"x":[0.167],"y":[0.167]},"t":12,"s":[360]},{"i":{"x":[0.833],"y":[0.833]},"o":{"x":[0.167],"y":[0.167]},"t":14,"s":[443]},{"t":71.0000028918893,"s":[2880]}],"ix":9},"rz":{"a":1,"k":[{"i":{"x":[0.833],"y":[0.833]},"o":{"x":[0.167],"y":[0.167]},"t":4,"s":[2520]},{"i":{"x":[0.667],"y":[1]},"o":{"x":[0.167],"y":[0.167]},"t":12,"s":[2550]},{"i":{"x":[0.833],"y":[0.833]},"o":{"x":[0.167],"y":[0.167]},"t":14,"s":[2520]},{"t":71.0000028918893,"s":[3240]}],"ix":10},"or":{"a":0,"k":[277.248,237.718,207.76],"ix":7},"p":{"a":1,"k":[{"i":{"x":0.833,"y":0.758},"o":{"x":0.248,"y":0.36},"t":0,"s":[168.07,389.606,-1.906],"to":[0,-0.833,0],"ti":[-4.866,13.532,0]},{"i":{"x":0.689,"y":1},"o":{"x":0.248,"y":0.202},"t":4,"s":[168.07,339.606,-1.906],"to":[21.817,-60.674,0],"ti":[-24.515,42.024,0]},{"i":{"x":0.688,"y":1},"o":{"x":0.332,"y":0},"t":12,"s":[165,163.375,0],"to":[1.616,-2.77,0],"ti":[0,0,0]},{"t":71.0000028918893,"s":[136.5,686.375,0]}],"ix":2},"a":{"a":0,"k":[0,0,0],"ix":1},"s":{"a":1,"k":[{"i":{"x":[0.833,0.833,0.833],"y":[0.833,0.833,0.833]},"o":{"x":[0.167,0.167,0.167],"y":[0.167,0.167,0.167]},"t":27,"s":[119.229,195.836,150]},{"t":43.0000017514259,"s":[238.457,391.671,300]}],"ix":6}},"ao":0,"shapes":[{"ty":"gr","it":[{"ind":0,"ty":"sh","ix":1,"ks":{"a":0,"k":{"i":[[0,0]],"o":[[0,0]],"v":[[-3411.937,-159.493]],"c":false},"ix":2},"nm":"Path 1","mn":"ADBE Vector Shape - Group","hd":false},{"ty":"fl","c":{"a":0,"k":[0.156862745098,0.701960784314,0.741176470588,1],"ix":4},"o":{"a":0,"k":100,"ix":5},"r":1,"bm":0,"nm":"Fill 1","mn":"ADBE Vector Graphic - Fill","hd":false},{"ty":"tr","p":{"a":0,"k":[0,0],"ix":2},"a":{"a":0,"k":[0,0],"ix":1},"s":{"a":0,"k":[100,100],"ix":3},"r":{"a":0,"k":0,"ix":6},"o":{"a":0,"k":100,"ix":7},"sk":{"a":0,"k":0,"ix":4},"sa":{"a":0,"k":0,"ix":5},"nm":"Transform"}],"nm":"Shape 2","np":3,"cix":2,"bm":0,"ix":1,"mn":"ADBE Vector Group","hd":false},{"ty":"gr","it":[{"ind":0,"ty":"sh","ix":1,"ks":{"a":0,"k":{"i":[[0,0],[0,0],[0,0],[0,0]],"o":[[0,0],[0,0],[0,0],[0,0]],"v":[[-68.743,-133.682],[-63.961,-119.225],[-52.697,-126.763],[-58.632,-140.864]],"c":true},"ix":2},"nm":"Path 1","mn":"ADBE Vector Shape - Group","hd":false},{"ty":"fl","c":{"a":0,"k":[0.156862750649,0.701960802078,0.741176486015,1],"ix":4},"o":{"a":0,"k":100,"ix":5},"r":1,"bm":0,"nm":"Fill 1","mn":"ADBE Vector Graphic - Fill","hd":false},{"ty":"tr","p":{"a":0,"k":[6.058,0.065],"ix":2},"a":{"a":0,"k":[-58,-132],"ix":1},"s":{"a":0,"k":[100,74.065],"ix":3},"r":{"a":0,"k":13.917,"ix":6},"o":{"a":0,"k":100,"ix":7},"sk":{"a":0,"k":0,"ix":4},"sa":{"a":0,"k":0,"ix":5},"nm":"Transform"}],"nm":"Shape 1","np":3,"cix":2,"bm":0,"ix":2,"mn":"ADBE Vector Group","hd":false}],"ip":0,"op":73.000002973351,"st":-4.00000016292334,"bm":0},{"ddd":1,"ind":5,"ty":4,"nm":"s_11","sr":1,"ks":{"o":{"a":1,"k":[{"i":{"x":[0.833],"y":[0.833]},"o":{"x":[0.167],"y":[0.167]},"t":1,"s":[0]},{"i":{"x":[0.833],"y":[0.833]},"o":{"x":[0.167],"y":[0.167]},"t":10,"s":[100]},{"i":{"x":[0.833],"y":[0.833]},"o":{"x":[0.167],"y":[0.167]},"t":43,"s":[100]},{"t":48.0000019550801,"s":[0]}],"ix":11},"rx":{"a":1,"k":[{"i":{"x":[0.833],"y":[0.833]},"o":{"x":[0.167],"y":[0.167]},"t":4,"s":[0]},{"i":{"x":[0.833],"y":[0.833]},"o":{"x":[0.167],"y":[0.167]},"t":18,"s":[380]},{"i":{"x":[0.833],"y":[0.833]},"o":{"x":[0.167],"y":[0.167]},"t":20,"s":[443]},{"t":71.0000028918893,"s":[3960]}],"ix":8},"ry":{"a":0,"k":0,"ix":9},"rz":{"a":0,"k":2966.6,"ix":10},"or":{"a":0,"k":[277,356,82],"ix":7},"p":{"a":1,"k":[{"i":{"x":0.833,"y":0.758},"o":{"x":0.248,"y":0.36},"t":0,"s":[210.07,289.606,-1.906],"to":[0,-0.833,0],"ti":[-4.866,13.532,0]},{"i":{"x":0.689,"y":1},"o":{"x":0.248,"y":0.242},"t":4,"s":[210.07,239.606,-1.906],"to":[21.817,-60.674,0],"ti":[-24.515,42.024,0]},{"t":18.000000733155,"s":[401.5,64.375,0]}],"ix":2},"a":{"a":0,"k":[0,0,0],"ix":1},"s":{"a":0,"k":[135.126,221.947,170],"ix":6}},"ao":0,"shapes":[{"ty":"gr","it":[{"ind":0,"ty":"sh","ix":1,"ks":{"a":0,"k":{"i":[[0,0]],"o":[[0,0]],"v":[[-3411.937,-159.493]],"c":false},"ix":2},"nm":"Path 1","mn":"ADBE Vector Shape - Group","hd":false},{"ty":"fl","c":{"a":0,"k":[0.156862745098,0.701960784314,0.741176470588,1],"ix":4},"o":{"a":0,"k":100,"ix":5},"r":1,"bm":0,"nm":"Fill 1","mn":"ADBE Vector Graphic - Fill","hd":false},{"ty":"tr","p":{"a":0,"k":[0,0],"ix":2},"a":{"a":0,"k":[0,0],"ix":1},"s":{"a":0,"k":[100,100],"ix":3},"r":{"a":0,"k":0,"ix":6},"o":{"a":0,"k":100,"ix":7},"sk":{"a":0,"k":0,"ix":4},"sa":{"a":0,"k":0,"ix":5},"nm":"Transform"}],"nm":"Shape 2","np":3,"cix":2,"bm":0,"ix":1,"mn":"ADBE Vector Group","hd":false},{"ty":"gr","it":[{"ind":0,"ty":"sh","ix":1,"ks":{"a":0,"k":{"i":[[0,0],[0,0],[0,0],[0,0]],"o":[[0,0],[0,0],[0,0],[0,0]],"v":[[-68.743,-133.682],[-63.961,-119.225],[-52.697,-126.763],[-58.632,-140.864]],"c":true},"ix":2},"nm":"Path 1","mn":"ADBE Vector Shape - Group","hd":false},{"ty":"fl","c":{"a":0,"k":[0.156862750649,0.701960802078,0.741176486015,1],"ix":4},"o":{"a":0,"k":100,"ix":5},"r":1,"bm":0,"nm":"Fill 1","mn":"ADBE Vector Graphic - Fill","hd":false},{"ty":"tr","p":{"a":0,"k":[6.058,0.065],"ix":2},"a":{"a":0,"k":[-58,-132],"ix":1},"s":{"a":0,"k":[100,74.065],"ix":3},"r":{"a":0,"k":13.917,"ix":6},"o":{"a":0,"k":100,"ix":7},"sk":{"a":0,"k":0,"ix":4},"sa":{"a":0,"k":0,"ix":5},"nm":"Transform"}],"nm":"Shape 1","np":3,"cix":2,"bm":0,"ix":2,"mn":"ADBE Vector Group","hd":false}],"ip":0,"op":73.000002973351,"st":-4.00000016292334,"bm":0},{"ddd":1,"ind":6,"ty":4,"nm":"s_10","sr":1,"ks":{"o":{"a":1,"k":[{"i":{"x":[0.833],"y":[0.833]},"o":{"x":[0.167],"y":[0.167]},"t":1,"s":[0]},{"i":{"x":[0.833],"y":[0.833]},"o":{"x":[0.167],"y":[0.167]},"t":10,"s":[100]},{"i":{"x":[0.833],"y":[0.833]},"o":{"x":[0.167],"y":[0.167]},"t":36,"s":[100]},{"t":41.0000016699642,"s":[0]}],"ix":11},"rx":{"a":1,"k":[{"i":{"x":[0.833],"y":[0.833]},"o":{"x":[0.167],"y":[0.167]},"t":4,"s":[0]},{"i":{"x":[0.833],"y":[0.833]},"o":{"x":[0.167],"y":[0.167]},"t":18,"s":[380]},{"i":{"x":[0.833],"y":[0.833]},"o":{"x":[0.167],"y":[0.167]},"t":20,"s":[443]},{"t":71.0000028918893,"s":[3600]}],"ix":8},"ry":{"a":0,"k":0,"ix":9},"rz":{"a":0,"k":2966.6,"ix":10},"or":{"a":0,"k":[277,356,82],"ix":7},"p":{"a":1,"k":[{"i":{"x":0.833,"y":0.758},"o":{"x":0.248,"y":0.36},"t":0,"s":[180.07,389.606,-1.906],"to":[0,-0.833,0],"ti":[-4.866,13.532,0]},{"i":{"x":0.689,"y":1},"o":{"x":0.248,"y":0.177},"t":4,"s":[180.07,339.606,-1.906],"to":[21.817,-60.674,0],"ti":[-24.515,42.024,0]},{"t":14.0000005702317,"s":[383.5,189.375,0]}],"ix":2},"a":{"a":0,"k":[0,0,0],"ix":1},"s":{"a":0,"k":[119.229,195.836,150],"ix":6}},"ao":0,"shapes":[{"ty":"gr","it":[{"ind":0,"ty":"sh","ix":1,"ks":{"a":0,"k":{"i":[[0,0]],"o":[[0,0]],"v":[[-3411.937,-159.493]],"c":false},"ix":2},"nm":"Path 1","mn":"ADBE Vector Shape - Group","hd":false},{"ty":"fl","c":{"a":0,"k":[0.156862745098,0.701960784314,0.741176470588,1],"ix":4},"o":{"a":0,"k":100,"ix":5},"r":1,"bm":0,"nm":"Fill 1","mn":"ADBE Vector Graphic - Fill","hd":false},{"ty":"tr","p":{"a":0,"k":[0,0],"ix":2},"a":{"a":0,"k":[0,0],"ix":1},"s":{"a":0,"k":[100,100],"ix":3},"r":{"a":0,"k":0,"ix":6},"o":{"a":0,"k":100,"ix":7},"sk":{"a":0,"k":0,"ix":4},"sa":{"a":0,"k":0,"ix":5},"nm":"Transform"}],"nm":"Shape 2","np":3,"cix":2,"bm":0,"ix":1,"mn":"ADBE Vector Group","hd":false},{"ty":"gr","it":[{"ind":0,"ty":"sh","ix":1,"ks":{"a":0,"k":{"i":[[0,0],[0,0],[0,0],[0,0]],"o":[[0,0],[0,0],[0,0],[0,0]],"v":[[-68.743,-133.682],[-63.961,-119.225],[-52.697,-126.763],[-58.632,-140.864]],"c":true},"ix":2},"nm":"Path 1","mn":"ADBE Vector Shape - Group","hd":false},{"ty":"fl","c":{"a":0,"k":[0.156862745098,0.701960784314,0.741176470588,1],"ix":4},"o":{"a":0,"k":100,"ix":5},"r":1,"bm":0,"nm":"Fill 1","mn":"ADBE Vector Graphic - Fill","hd":false},{"ty":"tr","p":{"a":0,"k":[6.058,0.065],"ix":2},"a":{"a":0,"k":[-58,-132],"ix":1},"s":{"a":0,"k":[100,74.065],"ix":3},"r":{"a":0,"k":13.917,"ix":6},"o":{"a":0,"k":100,"ix":7},"sk":{"a":0,"k":0,"ix":4},"sa":{"a":0,"k":0,"ix":5},"nm":"Transform"}],"nm":"Shape 1","np":3,"cix":2,"bm":0,"ix":2,"mn":"ADBE Vector Group","hd":false}],"ip":0,"op":73.000002973351,"st":-4.00000016292334,"bm":0},{"ddd":1,"ind":7,"ty":4,"nm":"G_04","sr":1,"ks":{"o":{"a":1,"k":[{"i":{"x":[0.833],"y":[0.833]},"o":{"x":[0.167],"y":[0.167]},"t":4,"s":[0]},{"i":{"x":[0.833],"y":[0.833]},"o":{"x":[0.167],"y":[0.167]},"t":10,"s":[100]},{"i":{"x":[0.833],"y":[0.833]},"o":{"x":[0.167],"y":[0.167]},"t":41,"s":[100]},{"t":46.0000018736184,"s":[0]}],"ix":11},"rx":{"a":0,"k":23.875,"ix":8},"ry":{"a":1,"k":[{"i":{"x":[0.833],"y":[0.833]},"o":{"x":[0.167],"y":[0.167]},"t":4,"s":[0]},{"i":{"x":[0.667],"y":[1]},"o":{"x":[0.167],"y":[0.167]},"t":14,"s":[360]},{"i":{"x":[0.833],"y":[0.833]},"o":{"x":[0.167],"y":[0.167]},"t":21,"s":[443]},{"t":71.0000028918893,"s":[2925]}],"ix":9},"rz":{"a":1,"k":[{"i":{"x":[0.833],"y":[0.833]},"o":{"x":[0.167],"y":[0.167]},"t":4,"s":[2520]},{"i":{"x":[0.667],"y":[1]},"o":{"x":[0.167],"y":[0]},"t":14,"s":[2520]},{"i":{"x":[0.833],"y":[0.833]},"o":{"x":[0.167],"y":[0.167]},"t":21,"s":[2520]},{"t":71.0000028918893,"s":[3266]}],"ix":10},"or":{"a":0,"k":[277.248,237.718,207.76],"ix":7},"p":{"a":1,"k":[{"i":{"x":0.833,"y":0.758},"o":{"x":0.248,"y":0.36},"t":0,"s":[168.07,389.606,-1.906],"to":[0,-0.833,0],"ti":[-4.866,13.532,0]},{"i":{"x":0.689,"y":1},"o":{"x":0.248,"y":0.111},"t":4,"s":[168.07,339.606,-1.906],"to":[21.817,-60.674,0],"ti":[-24.515,42.024,0]},{"i":{"x":0.689,"y":1},"o":{"x":0.332,"y":0},"t":14,"s":[126,-63.625,0],"to":[1.616,-2.77,0],"ti":[0,0,0]},{"t":49.0000019958109,"s":[53,399.375,0]}],"ix":2},"a":{"a":0,"k":[0,0,0],"ix":1},"s":{"a":1,"k":[{"i":{"x":[0.833,0.833,0.833],"y":[0.833,0.833,0.833]},"o":{"x":[0.167,0.167,0.167],"y":[0.167,0.167,0.167]},"t":0,"s":[103.331,169.724,130]},{"t":49.0000019958109,"s":[182.817,300.281,230]}],"ix":6}},"ao":0,"shapes":[{"ty":"gr","it":[{"ind":0,"ty":"sh","ix":1,"ks":{"a":0,"k":{"i":[[0,0]],"o":[[0,0]],"v":[[-3411.937,-159.493]],"c":false},"ix":2},"nm":"Path 1","mn":"ADBE Vector Shape - Group","hd":false},{"ty":"fl","c":{"a":0,"k":[0.156862745098,0.701960784314,0.741176470588,1],"ix":4},"o":{"a":0,"k":100,"ix":5},"r":1,"bm":0,"nm":"Fill 1","mn":"ADBE Vector Graphic - Fill","hd":false},{"ty":"tr","p":{"a":0,"k":[0,0],"ix":2},"a":{"a":0,"k":[0,0],"ix":1},"s":{"a":0,"k":[100,100],"ix":3},"r":{"a":0,"k":0,"ix":6},"o":{"a":0,"k":100,"ix":7},"sk":{"a":0,"k":0,"ix":4},"sa":{"a":0,"k":0,"ix":5},"nm":"Transform"}],"nm":"Shape 2","np":3,"cix":2,"bm":0,"ix":1,"mn":"ADBE Vector Group","hd":false},{"ty":"gr","it":[{"ind":0,"ty":"sh","ix":1,"ks":{"a":0,"k":{"i":[[0,0],[0,0],[0,0],[0,0]],"o":[[0,0],[0,0],[0,0],[0,0]],"v":[[-68.743,-133.682],[-63.961,-119.225],[-52.697,-126.763],[-58.632,-140.864]],"c":true},"ix":2},"nm":"Path 1","mn":"ADBE Vector Shape - Group","hd":false},{"ty":"fl","c":{"a":0,"k":[0.156862745098,0.701960784314,0.741176470588,1],"ix":4},"o":{"a":0,"k":100,"ix":5},"r":1,"bm":0,"nm":"Fill 1","mn":"ADBE Vector Graphic - Fill","hd":false},{"ty":"tr","p":{"a":0,"k":[6.058,0.065],"ix":2},"a":{"a":0,"k":[-58,-132],"ix":1},"s":{"a":0,"k":[100,74.065],"ix":3},"r":{"a":0,"k":13.917,"ix":6},"o":{"a":0,"k":100,"ix":7},"sk":{"a":0,"k":0,"ix":4},"sa":{"a":0,"k":0,"ix":5},"nm":"Transform"}],"nm":"Shape 1","np":3,"cix":2,"bm":0,"ix":2,"mn":"ADBE Vector Group","hd":false}],"ip":0,"op":73.000002973351,"st":-4.00000016292334,"bm":0},{"ddd":1,"ind":8,"ty":4,"nm":"s_09","sr":1,"ks":{"o":{"a":1,"k":[{"i":{"x":[0.833],"y":[0.833]},"o":{"x":[0.167],"y":[0.167]},"t":1,"s":[0]},{"i":{"x":[0.833],"y":[0.833]},"o":{"x":[0.167],"y":[0.167]},"t":10,"s":[100]},{"i":{"x":[0.833],"y":[0.833]},"o":{"x":[0.167],"y":[0.167]},"t":44,"s":[100]},{"t":49.0000019958109,"s":[0]}],"ix":11},"rx":{"a":1,"k":[{"i":{"x":[0.833],"y":[0.833]},"o":{"x":[0.167],"y":[0.167]},"t":4,"s":[0]},{"i":{"x":[0.833],"y":[0.833]},"o":{"x":[0.167],"y":[0.167]},"t":18,"s":[380]},{"i":{"x":[0.833],"y":[0.833]},"o":{"x":[0.167],"y":[0.167]},"t":20,"s":[443]},{"t":71.0000028918893,"s":[2880]}],"ix":8},"ry":{"a":0,"k":0,"ix":9},"rz":{"a":0,"k":2966.6,"ix":10},"or":{"a":0,"k":[277,356,82],"ix":7},"p":{"a":1,"k":[{"i":{"x":0.833,"y":0.758},"o":{"x":0.248,"y":0.36},"t":0,"s":[180.07,389.606,-1.906],"to":[0,-0.833,0],"ti":[-4.866,13.532,0]},{"i":{"x":0.689,"y":1},"o":{"x":0.248,"y":0.198},"t":4,"s":[180.07,339.606,-1.906],"to":[21.817,-60.674,0],"ti":[-24.515,42.024,0]},{"i":{"x":0.688,"y":1},"o":{"x":0.332,"y":0},"t":18,"s":[-48.5,134.375,0],"to":[1.616,-2.77,0],"ti":[0,0,0]},{"t":71.0000028918893,"s":[-100.5,664.375,103]}],"ix":2},"a":{"a":0,"k":[0,0,0],"ix":1},"s":{"a":0,"k":[119.229,195.836,150],"ix":6}},"ao":0,"shapes":[{"ty":"gr","it":[{"ind":0,"ty":"sh","ix":1,"ks":{"a":0,"k":{"i":[[0,0]],"o":[[0,0]],"v":[[-3411.937,-159.493]],"c":false},"ix":2},"nm":"Path 1","mn":"ADBE Vector Shape - Group","hd":false},{"ty":"fl","c":{"a":0,"k":[0.305882352941,0.16862745098,0.956862745098,1],"ix":4},"o":{"a":0,"k":100,"ix":5},"r":1,"bm":0,"nm":"Fill 1","mn":"ADBE Vector Graphic - Fill","hd":false},{"ty":"tr","p":{"a":0,"k":[0,0],"ix":2},"a":{"a":0,"k":[0,0],"ix":1},"s":{"a":0,"k":[100,100],"ix":3},"r":{"a":0,"k":0,"ix":6},"o":{"a":0,"k":100,"ix":7},"sk":{"a":0,"k":0,"ix":4},"sa":{"a":0,"k":0,"ix":5},"nm":"Transform"}],"nm":"Shape 2","np":3,"cix":2,"bm":0,"ix":1,"mn":"ADBE Vector Group","hd":false},{"ty":"gr","it":[{"ind":0,"ty":"sh","ix":1,"ks":{"a":0,"k":{"i":[[0,0],[0,0],[0,0],[0,0]],"o":[[0,0],[0,0],[0,0],[0,0]],"v":[[-68.743,-133.682],[-63.961,-119.225],[-52.697,-126.763],[-58.632,-140.864]],"c":true},"ix":2},"nm":"Path 1","mn":"ADBE Vector Shape - Group","hd":false},{"ty":"fl","c":{"a":0,"k":[0.305882352941,0.16862745098,0.956862745098,1],"ix":4},"o":{"a":0,"k":100,"ix":5},"r":1,"bm":0,"nm":"Fill 1","mn":"ADBE Vector Graphic - Fill","hd":false},{"ty":"tr","p":{"a":0,"k":[6.058,0.065],"ix":2},"a":{"a":0,"k":[-58,-132],"ix":1},"s":{"a":0,"k":[100,74.065],"ix":3},"r":{"a":0,"k":13.917,"ix":6},"o":{"a":0,"k":100,"ix":7},"sk":{"a":0,"k":0,"ix":4},"sa":{"a":0,"k":0,"ix":5},"nm":"Transform"}],"nm":"Shape 1","np":3,"cix":2,"bm":0,"ix":2,"mn":"ADBE Vector Group","hd":false}],"ip":0,"op":73.000002973351,"st":-4.00000016292334,"bm":0},{"ddd":1,"ind":9,"ty":4,"nm":"s_19","sr":1,"ks":{"o":{"a":1,"k":[{"i":{"x":[0.833],"y":[0.833]},"o":{"x":[0.167],"y":[0.167]},"t":1,"s":[0]},{"t":11.0000004480392,"s":[100]}],"ix":11},"rx":{"a":1,"k":[{"i":{"x":[0.833],"y":[0.833]},"o":{"x":[0.167],"y":[0.167]},"t":16,"s":[1440]},{"t":72.0000029326201,"s":[2160]}],"ix":8},"ry":{"a":0,"k":20,"ix":9},"rz":{"a":0,"k":2966.6,"ix":10},"or":{"a":0,"k":[36,153,335],"ix":7},"p":{"a":1,"k":[{"i":{"x":0.689,"y":1},"o":{"x":0.167,"y":0},"t":16,"s":[177.5,-36.625,0],"to":[-8,215.625,0],"ti":[62,-24.875,0]},{"t":63.0000025660426,"s":[-31.5,386.375,0]}],"ix":2},"a":{"a":0,"k":[0,0,0],"ix":1},"s":{"a":0,"k":[119.229,195.836,150],"ix":6}},"ao":0,"shapes":[{"ty":"gr","it":[{"ind":0,"ty":"sh","ix":1,"ks":{"a":0,"k":{"i":[[0,0]],"o":[[0,0]],"v":[[-3411.937,-159.493]],"c":false},"ix":2},"nm":"Path 1","mn":"ADBE Vector Shape - Group","hd":false},{"ty":"fl","c":{"a":0,"k":[0.305882352941,0.16862745098,0.956862745098,1],"ix":4},"o":{"a":0,"k":100,"ix":5},"r":1,"bm":0,"nm":"Fill 1","mn":"ADBE Vector Graphic - Fill","hd":false},{"ty":"tr","p":{"a":0,"k":[0,0],"ix":2},"a":{"a":0,"k":[0,0],"ix":1},"s":{"a":0,"k":[100,100],"ix":3},"r":{"a":0,"k":0,"ix":6},"o":{"a":0,"k":100,"ix":7},"sk":{"a":0,"k":0,"ix":4},"sa":{"a":0,"k":0,"ix":5},"nm":"Transform"}],"nm":"Shape 2","np":3,"cix":2,"bm":0,"ix":1,"mn":"ADBE Vector Group","hd":false},{"ty":"gr","it":[{"ind":0,"ty":"sh","ix":1,"ks":{"a":0,"k":{"i":[[0,0],[0,0],[0,0],[0,0]],"o":[[0,0],[0,0],[0,0],[0,0]],"v":[[-65.533,-132.462],[-58.681,-119.878],[-55.169,-127.528],[-62.877,-139.42]],"c":true},"ix":2},"nm":"Path 1","mn":"ADBE Vector Shape - Group","hd":false},{"ty":"fl","c":{"a":0,"k":[0.305882352941,0.16862745098,0.956862745098,1],"ix":4},"o":{"a":0,"k":100,"ix":5},"r":1,"bm":0,"nm":"Fill 1","mn":"ADBE Vector Graphic - Fill","hd":false},{"ty":"tr","p":{"a":0,"k":[6.058,0.065],"ix":2},"a":{"a":0,"k":[-58,-132],"ix":1},"s":{"a":0,"k":[100,74.065],"ix":3},"r":{"a":0,"k":13.917,"ix":6},"o":{"a":0,"k":100,"ix":7},"sk":{"a":0,"k":0,"ix":4},"sa":{"a":0,"k":0,"ix":5},"nm":"Transform"}],"nm":"Shape 1","np":3,"cix":2,"bm":0,"ix":2,"mn":"ADBE Vector Group","hd":false}],"ip":16.0000006516934,"op":74.0000030140818,"st":-3.00000012219251,"bm":0},{"ddd":1,"ind":10,"ty":4,"nm":"s_17","sr":1,"ks":{"o":{"a":1,"k":[{"i":{"x":[0.833],"y":[0.833]},"o":{"x":[0.167],"y":[0.167]},"t":1,"s":[0]},{"i":{"x":[0.833],"y":[0.833]},"o":{"x":[0.167],"y":[0.167]},"t":10,"s":[100]},{"i":{"x":[0.833],"y":[0.833]},"o":{"x":[0.167],"y":[0.167]},"t":33,"s":[100]},{"t":54.0000021994651,"s":[0]}],"ix":11},"rx":{"a":1,"k":[{"i":{"x":[0.833],"y":[0.833]},"o":{"x":[0.167],"y":[0.167]},"t":4,"s":[0]},{"i":{"x":[0.833],"y":[0.833]},"o":{"x":[0.167],"y":[0.167]},"t":15,"s":[380]},{"i":{"x":[0.833],"y":[0.833]},"o":{"x":[0.167],"y":[0.167]},"t":18,"s":[443]},{"t":71.0000028918893,"s":[2880]}],"ix":8},"ry":{"a":0,"k":0,"ix":9},"rz":{"a":0,"k":2966.6,"ix":10},"or":{"a":0,"k":[46,108,72],"ix":7},"p":{"a":1,"k":[{"i":{"x":0.833,"y":0.758},"o":{"x":0.248,"y":0.36},"t":0,"s":[180.07,339.606,-1.906],"to":[0,-0.833,0],"ti":[-4.866,13.532,0]},{"i":{"x":0.689,"y":1},"o":{"x":0.248,"y":0.165},"t":4,"s":[180.07,289.606,-1.906],"to":[21.817,-60.674,0],"ti":[-24.515,42.024,0]},{"i":{"x":0.689,"y":1},"o":{"x":0.332,"y":0},"t":16,"s":[102.5,-25.625,0],"to":[1.616,-2.77,0],"ti":[0,0,0]},{"t":59.0000024031193,"s":[-13.5,432.375,0]}],"ix":2},"a":{"a":0,"k":[0,0,0],"ix":1},"s":{"a":1,"k":[{"i":{"x":[0.833,0.833,0.833],"y":[0.833,0.833,0.833]},"o":{"x":[0.167,0.167,0.167],"y":[0.167,0.167,0.167]},"t":33,"s":[119.229,195.836,150]},{"t":45.0000018328876,"s":[198.714,326.393,250]}],"ix":6}},"ao":0,"shapes":[{"ty":"gr","it":[{"ind":0,"ty":"sh","ix":1,"ks":{"a":0,"k":{"i":[[0,0]],"o":[[0,0]],"v":[[-3411.937,-159.493]],"c":false},"ix":2},"nm":"Path 1","mn":"ADBE Vector Shape - Group","hd":false},{"ty":"fl","c":{"a":0,"k":[0.305882352941,0.16862745098,0.956862745098,1],"ix":4},"o":{"a":0,"k":100,"ix":5},"r":1,"bm":0,"nm":"Fill 1","mn":"ADBE Vector Graphic - Fill","hd":false},{"ty":"tr","p":{"a":0,"k":[0,0],"ix":2},"a":{"a":0,"k":[0,0],"ix":1},"s":{"a":0,"k":[100,100],"ix":3},"r":{"a":0,"k":0,"ix":6},"o":{"a":0,"k":100,"ix":7},"sk":{"a":0,"k":0,"ix":4},"sa":{"a":0,"k":0,"ix":5},"nm":"Transform"}],"nm":"Shape 2","np":3,"cix":2,"bm":0,"ix":1,"mn":"ADBE Vector Group","hd":false},{"ty":"gr","it":[{"ind":0,"ty":"sh","ix":1,"ks":{"a":0,"k":{"i":[[0,0],[0,0],[0,0],[0,0]],"o":[[0,0],[0,0],[0,0],[0,0]],"v":[[-68.743,-133.682],[-63.961,-119.225],[-52.697,-126.763],[-58.632,-140.864]],"c":true},"ix":2},"nm":"Path 1","mn":"ADBE Vector Shape - Group","hd":false},{"ty":"fl","c":{"a":0,"k":[0.305882352941,0.16862745098,0.956862745098,1],"ix":4},"o":{"a":0,"k":100,"ix":5},"r":1,"bm":0,"nm":"Fill 1","mn":"ADBE Vector Graphic - Fill","hd":false},{"ty":"tr","p":{"a":0,"k":[6.058,0.065],"ix":2},"a":{"a":0,"k":[-58,-132],"ix":1},"s":{"a":0,"k":[100,74.065],"ix":3},"r":{"a":0,"k":13.917,"ix":6},"o":{"a":0,"k":100,"ix":7},"sk":{"a":0,"k":0,"ix":4},"sa":{"a":0,"k":0,"ix":5},"nm":"Transform"}],"nm":"Shape 1","np":3,"cix":2,"bm":0,"ix":2,"mn":"ADBE Vector Group","hd":false}],"ip":0,"op":73.000002973351,"st":-4.00000016292334,"bm":0},{"ddd":1,"ind":11,"ty":4,"nm":"s_08","sr":1,"ks":{"o":{"a":1,"k":[{"i":{"x":[0.833],"y":[0.833]},"o":{"x":[0.167],"y":[0.167]},"t":1,"s":[0]},{"i":{"x":[0.833],"y":[0.833]},"o":{"x":[0.167],"y":[0.167]},"t":10,"s":[100]},{"i":{"x":[0.833],"y":[0.833]},"o":{"x":[0.167],"y":[0.167]},"t":29,"s":[100]},{"t":34.0000013848484,"s":[0]}],"ix":11},"rx":{"a":1,"k":[{"i":{"x":[0.833],"y":[0.833]},"o":{"x":[0.167],"y":[0.167]},"t":4,"s":[0]},{"i":{"x":[0.833],"y":[0.833]},"o":{"x":[0.167],"y":[0.167]},"t":15,"s":[380]},{"i":{"x":[0.833],"y":[0.833]},"o":{"x":[0.167],"y":[0.167]},"t":18,"s":[443]},{"t":71.0000028918893,"s":[2880]}],"ix":8},"ry":{"a":0,"k":0,"ix":9},"rz":{"a":0,"k":2966.6,"ix":10},"or":{"a":0,"k":[46,108,72],"ix":7},"p":{"a":1,"k":[{"i":{"x":0.833,"y":0.758},"o":{"x":0.248,"y":0.36},"t":0,"s":[180.07,389.606,-1.906],"to":[0,-0.833,0],"ti":[-4.866,13.532,0]},{"i":{"x":0.689,"y":1},"o":{"x":0.248,"y":0.206},"t":4,"s":[180.07,339.606,-1.906],"to":[21.817,-60.674,0],"ti":[-24.515,42.024,0]},{"i":{"x":0.688,"y":1},"o":{"x":0.332,"y":0},"t":15,"s":[111.5,114.375,0],"to":[1.616,-2.77,0],"ti":[0,0,0]},{"t":65.0000026475043,"s":[-39.5,754.375,103]}],"ix":2},"a":{"a":0,"k":[0,0,0],"ix":1},"s":{"a":0,"k":[119.229,195.836,150],"ix":6}},"ao":0,"shapes":[{"ty":"gr","it":[{"ind":0,"ty":"sh","ix":1,"ks":{"a":0,"k":{"i":[[0,0]],"o":[[0,0]],"v":[[-3411.937,-159.493]],"c":false},"ix":2},"nm":"Path 1","mn":"ADBE Vector Shape - Group","hd":false},{"ty":"fl","c":{"a":0,"k":[0.305882352941,0.16862745098,0.956862745098,1],"ix":4},"o":{"a":0,"k":100,"ix":5},"r":1,"bm":0,"nm":"Fill 1","mn":"ADBE Vector Graphic - Fill","hd":false},{"ty":"tr","p":{"a":0,"k":[0,0],"ix":2},"a":{"a":0,"k":[0,0],"ix":1},"s":{"a":0,"k":[100,100],"ix":3},"r":{"a":0,"k":0,"ix":6},"o":{"a":0,"k":100,"ix":7},"sk":{"a":0,"k":0,"ix":4},"sa":{"a":0,"k":0,"ix":5},"nm":"Transform"}],"nm":"Shape 2","np":3,"cix":2,"bm":0,"ix":1,"mn":"ADBE Vector Group","hd":false},{"ty":"gr","it":[{"ind":0,"ty":"sh","ix":1,"ks":{"a":0,"k":{"i":[[0,0],[0,0],[0,0],[0,0]],"o":[[0,0],[0,0],[0,0],[0,0]],"v":[[-68.743,-133.682],[-63.961,-119.225],[-52.697,-126.763],[-58.632,-140.864]],"c":true},"ix":2},"nm":"Path 1","mn":"ADBE Vector Shape - Group","hd":false},{"ty":"fl","c":{"a":0,"k":[0.305882352941,0.16862745098,0.956862745098,1],"ix":4},"o":{"a":0,"k":100,"ix":5},"r":1,"bm":0,"nm":"Fill 1","mn":"ADBE Vector Graphic - Fill","hd":false},{"ty":"tr","p":{"a":0,"k":[6.058,0.065],"ix":2},"a":{"a":0,"k":[-58,-132],"ix":1},"s":{"a":0,"k":[100,74.065],"ix":3},"r":{"a":0,"k":13.917,"ix":6},"o":{"a":0,"k":100,"ix":7},"sk":{"a":0,"k":0,"ix":4},"sa":{"a":0,"k":0,"ix":5},"nm":"Transform"}],"nm":"Shape 1","np":3,"cix":2,"bm":0,"ix":2,"mn":"ADBE Vector Group","hd":false}],"ip":0,"op":73.000002973351,"st":-4.00000016292334,"bm":0},{"ddd":1,"ind":12,"ty":4,"nm":"s_16","sr":1,"ks":{"o":{"a":1,"k":[{"i":{"x":[0.833],"y":[0.833]},"o":{"x":[0.167],"y":[0.167]},"t":2,"s":[0]},{"i":{"x":[0.833],"y":[0.833]},"o":{"x":[0.167],"y":[0.167]},"t":10,"s":[100]},{"i":{"x":[0.833],"y":[0.833]},"o":{"x":[0.167],"y":[0.167]},"t":44,"s":[100]},{"t":49.0000019958109,"s":[0]}],"ix":11},"rx":{"a":1,"k":[{"i":{"x":[0.833],"y":[0.833]},"o":{"x":[0.167],"y":[0.167]},"t":4,"s":[0]},{"i":{"x":[0.833],"y":[0.833]},"o":{"x":[0.167],"y":[0.167]},"t":15,"s":[380]},{"i":{"x":[0.833],"y":[0.833]},"o":{"x":[0.167],"y":[0.167]},"t":21,"s":[443]},{"t":71.0000028918893,"s":[2160]}],"ix":8},"ry":{"a":0,"k":0,"ix":9},"rz":{"a":0,"k":2966.6,"ix":10},"or":{"a":0,"k":[57,331,172],"ix":7},"p":{"a":1,"k":[{"i":{"x":0.833,"y":0.758},"o":{"x":0.248,"y":0.36},"t":0,"s":[190.07,309.606,-1.906],"to":[0,-0.833,0],"ti":[-4.866,13.532,0]},{"i":{"x":0.689,"y":1},"o":{"x":0.248,"y":0.137},"t":4,"s":[190.07,259.606,-1.906],"to":[21.817,-60.674,0],"ti":[-24.515,42.024,0]},{"i":{"x":0.689,"y":1},"o":{"x":0.167,"y":0},"t":15,"s":[300.5,-85.625,0],"to":[1.616,-2.77,0],"ti":[0,0,0]},{"t":50.0000020365418,"s":[350.5,435.375,0]}],"ix":2},"a":{"a":0,"k":[0,0,0],"ix":1},"s":{"a":0,"k":[119.229,195.836,150],"ix":6}},"ao":0,"shapes":[{"ty":"gr","it":[{"ind":0,"ty":"sh","ix":1,"ks":{"a":0,"k":{"i":[[0,0]],"o":[[0,0]],"v":[[-3411.937,-159.493]],"c":false},"ix":2},"nm":"Path 1","mn":"ADBE Vector Shape - Group","hd":false},{"ty":"fl","c":{"a":0,"k":[0.305882352941,0.16862745098,0.956862745098,1],"ix":4},"o":{"a":0,"k":100,"ix":5},"r":1,"bm":0,"nm":"Fill 1","mn":"ADBE Vector Graphic - Fill","hd":false},{"ty":"tr","p":{"a":0,"k":[0,0],"ix":2},"a":{"a":0,"k":[0,0],"ix":1},"s":{"a":0,"k":[100,100],"ix":3},"r":{"a":0,"k":0,"ix":6},"o":{"a":0,"k":100,"ix":7},"sk":{"a":0,"k":0,"ix":4},"sa":{"a":0,"k":0,"ix":5},"nm":"Transform"}],"nm":"Shape 2","np":3,"cix":2,"bm":0,"ix":1,"mn":"ADBE Vector Group","hd":false},{"ty":"gr","it":[{"ind":0,"ty":"sh","ix":1,"ks":{"a":0,"k":{"i":[[0,0],[0,0],[0,0],[0,0]],"o":[[0,0],[0,0],[0,0],[0,0]],"v":[[-68.743,-133.682],[-63.961,-119.225],[-52.697,-126.763],[-58.632,-140.864]],"c":true},"ix":2},"nm":"Path 1","mn":"ADBE Vector Shape - Group","hd":false},{"ty":"fl","c":{"a":0,"k":[0.305882352941,0.16862745098,0.956862745098,1],"ix":4},"o":{"a":0,"k":100,"ix":5},"r":1,"bm":0,"nm":"Fill 1","mn":"ADBE Vector Graphic - Fill","hd":false},{"ty":"tr","p":{"a":0,"k":[6.058,0.065],"ix":2},"a":{"a":0,"k":[-58,-132],"ix":1},"s":{"a":0,"k":[100,74.065],"ix":3},"r":{"a":0,"k":13.917,"ix":6},"o":{"a":0,"k":100,"ix":7},"sk":{"a":0,"k":0,"ix":4},"sa":{"a":0,"k":0,"ix":5},"nm":"Transform"}],"nm":"Shape 1","np":3,"cix":2,"bm":0,"ix":2,"mn":"ADBE Vector Group","hd":false}],"ip":0,"op":73.000002973351,"st":-4.00000016292334,"bm":0},{"ddd":1,"ind":13,"ty":4,"nm":"s_07","sr":1,"ks":{"o":{"a":1,"k":[{"i":{"x":[0.833],"y":[0.833]},"o":{"x":[0.167],"y":[0.167]},"t":2,"s":[0]},{"i":{"x":[0.833],"y":[0.833]},"o":{"x":[0.167],"y":[0.167]},"t":10,"s":[100]},{"i":{"x":[0.833],"y":[0.833]},"o":{"x":[0.167],"y":[0.167]},"t":34,"s":[100]},{"t":39.0000015885026,"s":[0]}],"ix":11},"rx":{"a":1,"k":[{"i":{"x":[0.833],"y":[0.833]},"o":{"x":[0.167],"y":[0.167]},"t":4,"s":[0]},{"i":{"x":[0.833],"y":[0.833]},"o":{"x":[0.167],"y":[0.167]},"t":15,"s":[380]},{"i":{"x":[0.833],"y":[0.833]},"o":{"x":[0.167],"y":[0.167]},"t":21,"s":[443]},{"t":71.0000028918893,"s":[2160]}],"ix":8},"ry":{"a":0,"k":0,"ix":9},"rz":{"a":0,"k":2966.6,"ix":10},"or":{"a":1,"k":[{"i":{"x":0.833,"y":0.833},"o":{"x":0.167,"y":0.167},"t":15,"s":[46,43,72],"to":[72,0,0],"ti":[1,0,0]},{"t":22.0000008960784,"s":[46,1,72]}],"ix":7},"p":{"a":1,"k":[{"i":{"x":0.833,"y":0.758},"o":{"x":0.248,"y":0.36},"t":0,"s":[180.07,349.606,-1.906],"to":[0,-0.833,0],"ti":[-4.866,13.532,0]},{"i":{"x":0.689,"y":1},"o":{"x":0.248,"y":0.19},"t":4,"s":[180.07,299.606,-1.906],"to":[21.817,-60.674,0],"ti":[-24.515,42.024,0]},{"i":{"x":0.688,"y":1},"o":{"x":0.332,"y":0},"t":15,"s":[200.5,39.375,0],"to":[1.616,-2.77,0],"ti":[0,0,0]},{"t":71.0000028918893,"s":[152.5,641.375,0]}],"ix":2},"a":{"a":0,"k":[0,0,0],"ix":1},"s":{"a":0,"k":[119.229,195.836,150],"ix":6}},"ao":0,"shapes":[{"ty":"gr","it":[{"ind":0,"ty":"sh","ix":1,"ks":{"a":0,"k":{"i":[[0,0]],"o":[[0,0]],"v":[[-3411.937,-159.493]],"c":false},"ix":2},"nm":"Path 1","mn":"ADBE Vector Shape - Group","hd":false},{"ty":"fl","c":{"a":0,"k":[0.305882352941,0.16862745098,0.956862745098,1],"ix":4},"o":{"a":0,"k":100,"ix":5},"r":1,"bm":0,"nm":"Fill 1","mn":"ADBE Vector Graphic - Fill","hd":false},{"ty":"tr","p":{"a":0,"k":[0,0],"ix":2},"a":{"a":0,"k":[0,0],"ix":1},"s":{"a":0,"k":[100,100],"ix":3},"r":{"a":0,"k":0,"ix":6},"o":{"a":0,"k":100,"ix":7},"sk":{"a":0,"k":0,"ix":4},"sa":{"a":0,"k":0,"ix":5},"nm":"Transform"}],"nm":"Shape 2","np":3,"cix":2,"bm":0,"ix":1,"mn":"ADBE Vector Group","hd":false},{"ty":"gr","it":[{"ind":0,"ty":"sh","ix":1,"ks":{"a":0,"k":{"i":[[0,0],[0,0],[0,0],[0,0]],"o":[[0,0],[0,0],[0,0],[0,0]],"v":[[-68.743,-133.682],[-63.961,-119.225],[-52.697,-126.763],[-58.632,-140.864]],"c":true},"ix":2},"nm":"Path 1","mn":"ADBE Vector Shape - Group","hd":false},{"ty":"fl","c":{"a":0,"k":[0.305882352941,0.16862745098,0.956862745098,1],"ix":4},"o":{"a":0,"k":100,"ix":5},"r":1,"bm":0,"nm":"Fill 1","mn":"ADBE Vector Graphic - Fill","hd":false},{"ty":"tr","p":{"a":0,"k":[6.058,0.065],"ix":2},"a":{"a":0,"k":[-58,-132],"ix":1},"s":{"a":0,"k":[100,74.065],"ix":3},"r":{"a":0,"k":13.917,"ix":6},"o":{"a":0,"k":100,"ix":7},"sk":{"a":0,"k":0,"ix":4},"sa":{"a":0,"k":0,"ix":5},"nm":"Transform"}],"nm":"Shape 1","np":3,"cix":2,"bm":0,"ix":2,"mn":"ADBE Vector Group","hd":false}],"ip":0,"op":73.000002973351,"st":-4.00000016292334,"bm":0},{"ddd":1,"ind":14,"ty":4,"nm":"s_06","sr":1,"ks":{"o":{"a":1,"k":[{"i":{"x":[0.833],"y":[0.833]},"o":{"x":[0.167],"y":[0.167]},"t":0,"s":[0]},{"i":{"x":[0.833],"y":[0.833]},"o":{"x":[0.167],"y":[0.167]},"t":10,"s":[100]},{"i":{"x":[0.833],"y":[0.833]},"o":{"x":[0.167],"y":[0.167]},"t":34,"s":[100]},{"t":39.0000015885026,"s":[0]}],"ix":11},"rx":{"a":1,"k":[{"i":{"x":[0.833],"y":[0.833]},"o":{"x":[0.167],"y":[0.167]},"t":4,"s":[0]},{"i":{"x":[0.833],"y":[0.833]},"o":{"x":[0.167],"y":[0.167]},"t":18,"s":[380]},{"i":{"x":[0.833],"y":[0.833]},"o":{"x":[0.167],"y":[0.167]},"t":21,"s":[443]},{"t":71.0000028918893,"s":[2880]}],"ix":8},"ry":{"a":0,"k":0,"ix":9},"rz":{"a":0,"k":2966.6,"ix":10},"or":{"a":0,"k":[46,358,352],"ix":7},"p":{"a":1,"k":[{"i":{"x":0.833,"y":0.637},"o":{"x":0.248,"y":0.541},"t":0,"s":[180.07,389.606,-1.906],"to":[0,-0.833,0],"ti":[-4.866,13.532,0]},{"i":{"x":0.689,"y":1},"o":{"x":0.248,"y":0.097},"t":6,"s":[180.07,339.606,-1.906],"to":[21.817,-60.674,0],"ti":[-24.515,42.024,0]},{"i":{"x":0.688,"y":1},"o":{"x":0.332,"y":0},"t":14,"s":[384.872,27.033,-2.141],"to":[1.616,-2.77,0],"ti":[0,0,0]},{"t":63.0000025660426,"s":[432.5,571.375,0]}],"ix":2},"a":{"a":0,"k":[0,0,0],"ix":1},"s":{"a":0,"k":[103.331,169.724,130],"ix":6}},"ao":0,"shapes":[{"ty":"gr","it":[{"ind":0,"ty":"sh","ix":1,"ks":{"a":0,"k":{"i":[[0,0]],"o":[[0,0]],"v":[[-3411.937,-159.493]],"c":false},"ix":2},"nm":"Path 1","mn":"ADBE Vector Shape - Group","hd":false},{"ty":"fl","c":{"a":0,"k":[0.305882352941,0.16862745098,0.956862745098,1],"ix":4},"o":{"a":0,"k":100,"ix":5},"r":1,"bm":0,"nm":"Fill 1","mn":"ADBE Vector Graphic - Fill","hd":false},{"ty":"tr","p":{"a":0,"k":[0,0],"ix":2},"a":{"a":0,"k":[0,0],"ix":1},"s":{"a":0,"k":[100,100],"ix":3},"r":{"a":0,"k":0,"ix":6},"o":{"a":0,"k":100,"ix":7},"sk":{"a":0,"k":0,"ix":4},"sa":{"a":0,"k":0,"ix":5},"nm":"Transform"}],"nm":"Shape 2","np":3,"cix":2,"bm":0,"ix":1,"mn":"ADBE Vector Group","hd":false},{"ty":"gr","it":[{"ind":0,"ty":"sh","ix":1,"ks":{"a":0,"k":{"i":[[0,0],[0,0],[0,0],[0,0]],"o":[[0,0],[0,0],[0,0],[0,0]],"v":[[-68.743,-133.682],[-63.961,-119.225],[-52.697,-126.763],[-58.632,-140.864]],"c":true},"ix":2},"nm":"Path 1","mn":"ADBE Vector Shape - Group","hd":false},{"ty":"fl","c":{"a":0,"k":[0.305882352941,0.16862745098,0.956862745098,1],"ix":4},"o":{"a":0,"k":100,"ix":5},"r":1,"bm":0,"nm":"Fill 1","mn":"ADBE Vector Graphic - Fill","hd":false},{"ty":"tr","p":{"a":0,"k":[6.058,0.065],"ix":2},"a":{"a":0,"k":[-58,-132],"ix":1},"s":{"a":0,"k":[100,74.065],"ix":3},"r":{"a":0,"k":13.917,"ix":6},"o":{"a":0,"k":100,"ix":7},"sk":{"a":0,"k":0,"ix":4},"sa":{"a":0,"k":0,"ix":5},"nm":"Transform"}],"nm":"Shape 1","np":3,"cix":2,"bm":0,"ix":2,"mn":"ADBE Vector Group","hd":false}],"ip":0,"op":73.000002973351,"st":-4.00000016292334,"bm":0},{"ddd":1,"ind":15,"ty":4,"nm":"s_05","sr":1,"ks":{"o":{"a":1,"k":[{"i":{"x":[0.833],"y":[0.833]},"o":{"x":[0.167],"y":[0.167]},"t":0,"s":[0]},{"i":{"x":[0.833],"y":[0.833]},"o":{"x":[0.167],"y":[0.167]},"t":10,"s":[100]},{"i":{"x":[0.833],"y":[0.833]},"o":{"x":[0.167],"y":[0.167]},"t":31,"s":[100]},{"t":36.0000014663101,"s":[0]}],"ix":11},"rx":{"a":1,"k":[{"i":{"x":[0.833],"y":[0.833]},"o":{"x":[0.167],"y":[0.167]},"t":4,"s":[0]},{"i":{"x":[0.833],"y":[0.833]},"o":{"x":[0.167],"y":[0.167]},"t":15,"s":[380]},{"i":{"x":[0.833],"y":[0.833]},"o":{"x":[0.167],"y":[0.167]},"t":18,"s":[443]},{"t":71.0000028918893,"s":[3600]}],"ix":8},"ry":{"a":0,"k":0,"ix":9},"rz":{"a":0,"k":2966.6,"ix":10},"or":{"a":1,"k":[{"i":{"x":0.833,"y":0.833},"o":{"x":0.167,"y":0.167},"t":15,"s":[46,43,72],"to":[72,0,0],"ti":[1,0,0]},{"t":19.0000007738859,"s":[46,1,72]}],"ix":7},"p":{"a":1,"k":[{"i":{"x":0.833,"y":0.758},"o":{"x":0.248,"y":0.36},"t":0,"s":[198.07,389.606,-1.906],"to":[0,-0.833,0],"ti":[-4.866,13.532,0]},{"i":{"x":0.689,"y":1},"o":{"x":0.248,"y":0.152},"t":4,"s":[198.07,339.606,-1.906],"to":[21.817,-60.674,0],"ti":[-24.515,42.024,0]},{"i":{"x":0.689,"y":1},"o":{"x":0.167,"y":0},"t":17,"s":[279.5,-39.625,0],"to":[1.616,-2.77,0],"ti":[0,0,0]},{"t":48.0000019550801,"s":[393.5,443.375,0]}],"ix":2},"a":{"a":0,"k":[0,0,0],"ix":1},"s":{"a":1,"k":[{"i":{"x":[0.833,0.833,0.833],"y":[0.833,0.833,0.833]},"o":{"x":[0.167,0.167,0.167],"y":[0.167,0.167,0.167]},"t":0,"s":[119.229,195.836,150]},{"i":{"x":[0.833,0.833,0.833],"y":[0.833,0.833,0.833]},"o":{"x":[0.167,0.167,0.167],"y":[0.167,0.167,0.167]},"t":24,"s":[119.229,195.836,150]},{"t":31.0000012626559,"s":[206.663,339.449,260]}],"ix":6}},"ao":0,"shapes":[{"ty":"gr","it":[{"ind":0,"ty":"sh","ix":1,"ks":{"a":0,"k":{"i":[[0,0]],"o":[[0,0]],"v":[[-3411.937,-159.493]],"c":false},"ix":2},"nm":"Path 1","mn":"ADBE Vector Shape - Group","hd":false},{"ty":"fl","c":{"a":0,"k":[0.305882352941,0.16862745098,0.956862745098,1],"ix":4},"o":{"a":0,"k":100,"ix":5},"r":1,"bm":0,"nm":"Fill 1","mn":"ADBE Vector Graphic - Fill","hd":false},{"ty":"tr","p":{"a":0,"k":[0,0],"ix":2},"a":{"a":0,"k":[0,0],"ix":1},"s":{"a":0,"k":[100,100],"ix":3},"r":{"a":0,"k":0,"ix":6},"o":{"a":0,"k":100,"ix":7},"sk":{"a":0,"k":0,"ix":4},"sa":{"a":0,"k":0,"ix":5},"nm":"Transform"}],"nm":"Shape 2","np":3,"cix":2,"bm":0,"ix":1,"mn":"ADBE Vector Group","hd":false},{"ty":"gr","it":[{"ind":0,"ty":"sh","ix":1,"ks":{"a":0,"k":{"i":[[0,0],[0,0],[0,0],[0,0]],"o":[[0,0],[0,0],[0,0],[0,0]],"v":[[-68.743,-133.682],[-63.961,-119.225],[-52.697,-126.763],[-58.632,-140.864]],"c":true},"ix":2},"nm":"Path 1","mn":"ADBE Vector Shape - Group","hd":false},{"ty":"fl","c":{"a":0,"k":[0.305882352941,0.16862745098,0.956862745098,1],"ix":4},"o":{"a":0,"k":100,"ix":5},"r":1,"bm":0,"nm":"Fill 1","mn":"ADBE Vector Graphic - Fill","hd":false},{"ty":"tr","p":{"a":0,"k":[6.058,0.065],"ix":2},"a":{"a":0,"k":[-58,-132],"ix":1},"s":{"a":0,"k":[100,74.065],"ix":3},"r":{"a":0,"k":13.917,"ix":6},"o":{"a":0,"k":100,"ix":7},"sk":{"a":0,"k":0,"ix":4},"sa":{"a":0,"k":0,"ix":5},"nm":"Transform"}],"nm":"Shape 1","np":3,"cix":2,"bm":0,"ix":2,"mn":"ADBE Vector Group","hd":false}],"ip":0,"op":73.000002973351,"st":-4.00000016292334,"bm":0},{"ddd":1,"ind":16,"ty":4,"nm":"s_18","sr":1,"ks":{"o":{"a":1,"k":[{"i":{"x":[0.833],"y":[0.833]},"o":{"x":[0.167],"y":[0.167]},"t":0,"s":[0]},{"i":{"x":[0.833],"y":[0.833]},"o":{"x":[0.167],"y":[0.167]},"t":10,"s":[100]},{"i":{"x":[0.833],"y":[0.833]},"o":{"x":[0.167],"y":[0.167]},"t":31,"s":[100]},{"t":36.0000014663101,"s":[0]}],"ix":11},"rx":{"a":1,"k":[{"i":{"x":[0.833],"y":[0.833]},"o":{"x":[0.167],"y":[0.167]},"t":4,"s":[0]},{"i":{"x":[0.833],"y":[0.833]},"o":{"x":[0.167],"y":[0.167]},"t":18,"s":[360]},{"t":71.0000028918893,"s":[3600]}],"ix":8},"ry":{"a":0,"k":0,"ix":9},"rz":{"a":0,"k":2966.6,"ix":10},"or":{"a":0,"k":[46,144,54],"ix":7},"p":{"a":1,"k":[{"i":{"x":0.833,"y":0.758},"o":{"x":0.248,"y":0.36},"t":0,"s":[188.07,316.606,-1.906],"to":[0,-0.833,0],"ti":[-4.866,13.532,0]},{"i":{"x":0.689,"y":1},"o":{"x":0.248,"y":0.253},"t":4,"s":[188.07,266.606,-1.906],"to":[21.817,-60.674,0],"ti":[-24.515,42.024,0]},{"i":{"x":0.689,"y":1},"o":{"x":0.167,"y":0},"t":18,"s":[165.5,20.375,0],"to":[1.616,-2.77,0],"ti":[0,0,0]},{"t":65.0000026475043,"s":[165.5,530.375,0]}],"ix":2},"a":{"a":0,"k":[0,0,0],"ix":1},"s":{"a":0,"k":[119.229,195.836,150],"ix":6}},"ao":0,"shapes":[{"ty":"gr","it":[{"ind":0,"ty":"sh","ix":1,"ks":{"a":0,"k":{"i":[[0,0]],"o":[[0,0]],"v":[[-3411.937,-159.493]],"c":false},"ix":2},"nm":"Path 1","mn":"ADBE Vector Shape - Group","hd":false},{"ty":"fl","c":{"a":0,"k":[0.751445515951,0.626945465686,1,1],"ix":4},"o":{"a":0,"k":100,"ix":5},"r":1,"bm":0,"nm":"Fill 1","mn":"ADBE Vector Graphic - Fill","hd":false},{"ty":"tr","p":{"a":0,"k":[0,0],"ix":2},"a":{"a":0,"k":[0,0],"ix":1},"s":{"a":0,"k":[100,100],"ix":3},"r":{"a":0,"k":0,"ix":6},"o":{"a":0,"k":100,"ix":7},"sk":{"a":0,"k":0,"ix":4},"sa":{"a":0,"k":0,"ix":5},"nm":"Transform"}],"nm":"Shape 2","np":3,"cix":2,"bm":0,"ix":1,"mn":"ADBE Vector Group","hd":false},{"ty":"gr","it":[{"ind":0,"ty":"sh","ix":1,"ks":{"a":0,"k":{"i":[[0,0],[0,0],[0,0],[0,0]],"o":[[0,0],[0,0],[0,0],[0,0]],"v":[[-68.743,-133.682],[-63.961,-119.225],[-52.697,-126.763],[-58.632,-140.864]],"c":true},"ix":2},"nm":"Path 1","mn":"ADBE Vector Shape - Group","hd":false},{"ty":"fl","c":{"a":0,"k":[0.751445515951,0.626945465686,1,1],"ix":4},"o":{"a":0,"k":100,"ix":5},"r":1,"bm":0,"nm":"Fill 1","mn":"ADBE Vector Graphic - Fill","hd":false},{"ty":"tr","p":{"a":0,"k":[6.058,0.065],"ix":2},"a":{"a":0,"k":[-58,-132],"ix":1},"s":{"a":0,"k":[100,74.065],"ix":3},"r":{"a":0,"k":13.917,"ix":6},"o":{"a":0,"k":100,"ix":7},"sk":{"a":0,"k":0,"ix":4},"sa":{"a":0,"k":0,"ix":5},"nm":"Transform"}],"nm":"Shape 1","np":3,"cix":2,"bm":0,"ix":2,"mn":"ADBE Vector Group","hd":false}],"ip":0,"op":73.000002973351,"st":-4.00000016292334,"bm":0},{"ddd":1,"ind":17,"ty":4,"nm":"s_12","sr":1,"ks":{"o":{"a":1,"k":[{"i":{"x":[0.833],"y":[0.833]},"o":{"x":[0.167],"y":[0.167]},"t":0,"s":[0]},{"i":{"x":[0.833],"y":[0.833]},"o":{"x":[0.167],"y":[0.167]},"t":10,"s":[100]},{"i":{"x":[0.833],"y":[0.833]},"o":{"x":[0.167],"y":[0.167]},"t":44,"s":[100]},{"t":49.0000019958109,"s":[0]}],"ix":11},"rx":{"a":1,"k":[{"i":{"x":[0.833],"y":[0.833]},"o":{"x":[0.167],"y":[0.167]},"t":4,"s":[0]},{"i":{"x":[0.833],"y":[0.833]},"o":{"x":[0.167],"y":[0.167]},"t":15,"s":[380]},{"i":{"x":[0.833],"y":[0.833]},"o":{"x":[0.167],"y":[0.167]},"t":18,"s":[443]},{"t":71.0000028918893,"s":[2880]}],"ix":8},"ry":{"a":0,"k":0,"ix":9},"rz":{"a":0,"k":2966.6,"ix":10},"or":{"a":1,"k":[{"i":{"x":0.833,"y":0.833},"o":{"x":0.167,"y":0.167},"t":15,"s":[46,43,72],"to":[72,0,0],"ti":[1,0,0]},{"t":19.0000007738859,"s":[46,1,72]}],"ix":7},"p":{"a":1,"k":[{"i":{"x":0.833,"y":0.758},"o":{"x":0.248,"y":0.36},"t":0,"s":[198.07,389.606,-1.906],"to":[0,-0.833,0],"ti":[-4.866,13.532,0]},{"i":{"x":0.689,"y":1},"o":{"x":0.248,"y":0.197},"t":4,"s":[198.07,339.606,-1.906],"to":[21.817,-60.674,0],"ti":[-24.515,42.024,0]},{"i":{"x":0.688,"y":1},"o":{"x":0.332,"y":0},"t":15,"s":[390.5,179.375,0],"to":[1.616,-2.77,0],"ti":[0,0,0]},{"t":71.0000028918893,"s":[422.5,571.375,0]}],"ix":2},"a":{"a":0,"k":[0,0,0],"ix":1},"s":{"a":0,"k":[119.229,195.836,150],"ix":6}},"ao":0,"shapes":[{"ty":"gr","it":[{"ind":0,"ty":"sh","ix":1,"ks":{"a":0,"k":{"i":[[0,0]],"o":[[0,0]],"v":[[-3411.937,-159.493]],"c":false},"ix":2},"nm":"Path 1","mn":"ADBE Vector Shape - Group","hd":false},{"ty":"fl","c":{"a":0,"k":[0.751445515951,0.626945465686,1,1],"ix":4},"o":{"a":0,"k":100,"ix":5},"r":1,"bm":0,"nm":"Fill 1","mn":"ADBE Vector Graphic - Fill","hd":false},{"ty":"tr","p":{"a":0,"k":[0,0],"ix":2},"a":{"a":0,"k":[0,0],"ix":1},"s":{"a":0,"k":[100,100],"ix":3},"r":{"a":0,"k":0,"ix":6},"o":{"a":0,"k":100,"ix":7},"sk":{"a":0,"k":0,"ix":4},"sa":{"a":0,"k":0,"ix":5},"nm":"Transform"}],"nm":"Shape 2","np":3,"cix":2,"bm":0,"ix":1,"mn":"ADBE Vector Group","hd":false},{"ty":"gr","it":[{"ind":0,"ty":"sh","ix":1,"ks":{"a":0,"k":{"i":[[0,0],[0,0],[0,0],[0,0]],"o":[[0,0],[0,0],[0,0],[0,0]],"v":[[-68.743,-133.682],[-63.961,-119.225],[-52.697,-126.763],[-58.632,-140.864]],"c":true},"ix":2},"nm":"Path 1","mn":"ADBE Vector Shape - Group","hd":false},{"ty":"fl","c":{"a":0,"k":[0.751445515951,0.626945465686,1,1],"ix":4},"o":{"a":0,"k":100,"ix":5},"r":1,"bm":0,"nm":"Fill 1","mn":"ADBE Vector Graphic - Fill","hd":false},{"ty":"tr","p":{"a":0,"k":[6.058,0.065],"ix":2},"a":{"a":0,"k":[-58,-132],"ix":1},"s":{"a":0,"k":[100,74.065],"ix":3},"r":{"a":0,"k":13.917,"ix":6},"o":{"a":0,"k":100,"ix":7},"sk":{"a":0,"k":0,"ix":4},"sa":{"a":0,"k":0,"ix":5},"nm":"Transform"}],"nm":"Shape 1","np":3,"cix":2,"bm":0,"ix":2,"mn":"ADBE Vector Group","hd":false}],"ip":0,"op":73.000002973351,"st":-4.00000016292334,"bm":0},{"ddd":1,"ind":18,"ty":4,"nm":"G_08","sr":1,"ks":{"o":{"a":1,"k":[{"i":{"x":[0.833],"y":[0.833]},"o":{"x":[0.167],"y":[0.167]},"t":0,"s":[0]},{"i":{"x":[0.833],"y":[0.833]},"o":{"x":[0.167],"y":[0.167]},"t":10,"s":[100]},{"i":{"x":[0.833],"y":[0.833]},"o":{"x":[0.167],"y":[0.167]},"t":31,"s":[100]},{"t":36.0000014663101,"s":[0]}],"ix":11},"rx":{"a":0,"k":23.875,"ix":8},"ry":{"a":1,"k":[{"i":{"x":[0.833],"y":[0.833]},"o":{"x":[0.167],"y":[0.167]},"t":4,"s":[0]},{"i":{"x":[0.667],"y":[1]},"o":{"x":[0.167],"y":[0.167]},"t":12,"s":[360]},{"i":{"x":[0.833],"y":[0.833]},"o":{"x":[0.167],"y":[0.167]},"t":14,"s":[443]},{"t":71.0000028918893,"s":[2880]}],"ix":9},"rz":{"a":1,"k":[{"i":{"x":[0.833],"y":[0.833]},"o":{"x":[0.167],"y":[0.167]},"t":4,"s":[2520]},{"i":{"x":[0.667],"y":[1]},"o":{"x":[0.167],"y":[0.167]},"t":12,"s":[2550]},{"i":{"x":[0.833],"y":[0.833]},"o":{"x":[0.167],"y":[0.167]},"t":14,"s":[2520]},{"t":71.0000028918893,"s":[3240]}],"ix":10},"or":{"a":0,"k":[325.248,264.718,169.76],"ix":7},"p":{"a":1,"k":[{"i":{"x":0.833,"y":0.758},"o":{"x":0.248,"y":0.36},"t":0,"s":[168.07,389.606,-1.906],"to":[0,-0.833,0],"ti":[-4.866,13.532,0]},{"i":{"x":0.689,"y":1},"o":{"x":0.248,"y":0.294},"t":4,"s":[168.07,339.606,-1.906],"to":[21.817,-60.674,0],"ti":[-24.515,42.024,0]},{"i":{"x":0.688,"y":1},"o":{"x":0.332,"y":0},"t":12,"s":[186,219.375,0],"to":[1.616,-2.77,0],"ti":[0,0,0]},{"t":59.0000024031193,"s":[180.5,626.375,0]}],"ix":2},"a":{"a":0,"k":[0,0,0],"ix":1},"s":{"a":0,"k":[119.229,195.836,150],"ix":6}},"ao":0,"shapes":[{"ty":"gr","it":[{"ind":0,"ty":"sh","ix":1,"ks":{"a":0,"k":{"i":[[0,0]],"o":[[0,0]],"v":[[-3411.937,-159.493]],"c":false},"ix":2},"nm":"Path 1","mn":"ADBE Vector Shape - Group","hd":false},{"ty":"fl","c":{"a":0,"k":[0.751445515951,0.626945465686,1,1],"ix":4},"o":{"a":0,"k":100,"ix":5},"r":1,"bm":0,"nm":"Fill 1","mn":"ADBE Vector Graphic - Fill","hd":false},{"ty":"tr","p":{"a":0,"k":[0,0],"ix":2},"a":{"a":0,"k":[0,0],"ix":1},"s":{"a":0,"k":[100,100],"ix":3},"r":{"a":0,"k":0,"ix":6},"o":{"a":0,"k":100,"ix":7},"sk":{"a":0,"k":0,"ix":4},"sa":{"a":0,"k":0,"ix":5},"nm":"Transform"}],"nm":"Shape 2","np":3,"cix":2,"bm":0,"ix":1,"mn":"ADBE Vector Group","hd":false},{"ty":"gr","it":[{"ind":0,"ty":"sh","ix":1,"ks":{"a":0,"k":{"i":[[0,0],[0,0],[0,0],[0,0]],"o":[[0,0],[0,0],[0,0],[0,0]],"v":[[-68.743,-133.682],[-63.961,-119.225],[-52.697,-126.763],[-58.632,-140.864]],"c":true},"ix":2},"nm":"Path 1","mn":"ADBE Vector Shape - Group","hd":false},{"ty":"fl","c":{"a":0,"k":[0.751445515951,0.626945465686,1,1],"ix":4},"o":{"a":0,"k":100,"ix":5},"r":1,"bm":0,"nm":"Fill 1","mn":"ADBE Vector Graphic - Fill","hd":false},{"ty":"tr","p":{"a":0,"k":[6.058,0.065],"ix":2},"a":{"a":0,"k":[-58,-132],"ix":1},"s":{"a":0,"k":[100,74.065],"ix":3},"r":{"a":0,"k":13.917,"ix":6},"o":{"a":0,"k":100,"ix":7},"sk":{"a":0,"k":0,"ix":4},"sa":{"a":0,"k":0,"ix":5},"nm":"Transform"}],"nm":"Shape 1","np":3,"cix":2,"bm":0,"ix":2,"mn":"ADBE Vector Group","hd":false}],"ip":0,"op":73.000002973351,"st":-4.00000016292334,"bm":0},{"ddd":1,"ind":19,"ty":4,"nm":"G_07","sr":1,"ks":{"o":{"a":1,"k":[{"i":{"x":[0.833],"y":[0.833]},"o":{"x":[0.167],"y":[0.167]},"t":0,"s":[0]},{"i":{"x":[0.833],"y":[0.833]},"o":{"x":[0.167],"y":[0.167]},"t":10,"s":[100]},{"i":{"x":[0.833],"y":[0.833]},"o":{"x":[0.167],"y":[0.167]},"t":40,"s":[100]},{"t":45.0000018328876,"s":[0]}],"ix":11},"rx":{"a":0,"k":23.875,"ix":8},"ry":{"a":1,"k":[{"i":{"x":[0.833],"y":[0.833]},"o":{"x":[0.167],"y":[0.167]},"t":4,"s":[0]},{"i":{"x":[0.667],"y":[1]},"o":{"x":[0.167],"y":[0.167]},"t":16,"s":[360]},{"i":{"x":[0.833],"y":[0.833]},"o":{"x":[0.167],"y":[0.167]},"t":23,"s":[443]},{"t":71.0000028918893,"s":[2880]}],"ix":9},"rz":{"a":1,"k":[{"i":{"x":[0.833],"y":[0.833]},"o":{"x":[0.167],"y":[0.167]},"t":4,"s":[2520]},{"i":{"x":[0.667],"y":[1]},"o":{"x":[0.167],"y":[0.167]},"t":16,"s":[2552]},{"i":{"x":[0.833],"y":[0.833]},"o":{"x":[0.167],"y":[0.167]},"t":23,"s":[2520]},{"t":71.0000028918893,"s":[3240]}],"ix":10},"or":{"a":0,"k":[277.248,237.718,207.76],"ix":7},"p":{"a":1,"k":[{"i":{"x":0.833,"y":0.758},"o":{"x":0.248,"y":0.36},"t":0,"s":[168.07,389.606,-1.906],"to":[0,-0.833,0],"ti":[-4.866,13.532,0]},{"i":{"x":0.689,"y":1},"o":{"x":0.248,"y":0.164},"t":4,"s":[168.07,339.606,-1.906],"to":[21.817,-60.674,0],"ti":[-24.515,42.024,0]},{"i":{"x":0.688,"y":1},"o":{"x":0.332,"y":0},"t":16,"s":[316,43.375,0],"to":[1.616,-2.77,0],"ti":[0,0,0]},{"t":71.0000028918893,"s":[306.5,596.375,0]}],"ix":2},"a":{"a":0,"k":[0,0,0],"ix":1},"s":{"a":0,"k":[119.229,195.836,150],"ix":6}},"ao":0,"shapes":[{"ty":"gr","it":[{"ind":0,"ty":"sh","ix":1,"ks":{"a":0,"k":{"i":[[0,0]],"o":[[0,0]],"v":[[-3411.937,-159.493]],"c":false},"ix":2},"nm":"Path 1","mn":"ADBE Vector Shape - Group","hd":false},{"ty":"fl","c":{"a":0,"k":[0.751445515951,0.626945465686,1,1],"ix":4},"o":{"a":0,"k":100,"ix":5},"r":1,"bm":0,"nm":"Fill 1","mn":"ADBE Vector Graphic - Fill","hd":false},{"ty":"tr","p":{"a":0,"k":[0,0],"ix":2},"a":{"a":0,"k":[0,0],"ix":1},"s":{"a":0,"k":[100,100],"ix":3},"r":{"a":0,"k":0,"ix":6},"o":{"a":0,"k":100,"ix":7},"sk":{"a":0,"k":0,"ix":4},"sa":{"a":0,"k":0,"ix":5},"nm":"Transform"}],"nm":"Shape 2","np":3,"cix":2,"bm":0,"ix":1,"mn":"ADBE Vector Group","hd":false},{"ty":"gr","it":[{"ind":0,"ty":"sh","ix":1,"ks":{"a":0,"k":{"i":[[0,0],[0,0],[0,0],[0,0]],"o":[[0,0],[0,0],[0,0],[0,0]],"v":[[-68.743,-133.682],[-63.961,-119.225],[-52.697,-126.763],[-58.632,-140.864]],"c":true},"ix":2},"nm":"Path 1","mn":"ADBE Vector Shape - Group","hd":false},{"ty":"fl","c":{"a":0,"k":[0.751445515951,0.626945465686,1,1],"ix":4},"o":{"a":0,"k":100,"ix":5},"r":1,"bm":0,"nm":"Fill 1","mn":"ADBE Vector Graphic - Fill","hd":false},{"ty":"tr","p":{"a":0,"k":[6.058,0.065],"ix":2},"a":{"a":0,"k":[-58,-132],"ix":1},"s":{"a":0,"k":[100,74.065],"ix":3},"r":{"a":0,"k":13.917,"ix":6},"o":{"a":0,"k":100,"ix":7},"sk":{"a":0,"k":0,"ix":4},"sa":{"a":0,"k":0,"ix":5},"nm":"Transform"}],"nm":"Shape 1","np":3,"cix":2,"bm":0,"ix":2,"mn":"ADBE Vector Group","hd":false}],"ip":0,"op":73.000002973351,"st":-4.00000016292334,"bm":0},{"ddd":1,"ind":20,"ty":4,"nm":"G_13","sr":1,"ks":{"o":{"a":1,"k":[{"i":{"x":[0.833],"y":[0.833]},"o":{"x":[0.167],"y":[0.167]},"t":0,"s":[0]},{"i":{"x":[0.833],"y":[0.833]},"o":{"x":[0.167],"y":[0.167]},"t":10,"s":[100]},{"i":{"x":[0.833],"y":[0.833]},"o":{"x":[0.167],"y":[0.167]},"t":44,"s":[100]},{"t":49.0000019958109,"s":[0]}],"ix":11},"rx":{"a":0,"k":23.875,"ix":8},"ry":{"a":1,"k":[{"i":{"x":[0.833],"y":[0.833]},"o":{"x":[0.167],"y":[0.167]},"t":22,"s":[0]},{"t":71.0000028918893,"s":[1474]}],"ix":9},"rz":{"a":1,"k":[{"i":{"x":[0.833],"y":[0.833]},"o":{"x":[0.167],"y":[0.167]},"t":22,"s":[720]},{"t":71.0000028918893,"s":[1080]}],"ix":10},"or":{"a":0,"k":[277.248,237.718,207.76],"ix":7},"p":{"a":1,"k":[{"i":{"x":0.833,"y":0.758},"o":{"x":0.248,"y":0.36},"t":0,"s":[190.07,389.606,-1.906],"to":[0,-0.833,0],"ti":[-4.866,13.532,0]},{"i":{"x":0.689,"y":1},"o":{"x":0.248,"y":0.084},"t":4,"s":[190.07,339.606,-1.906],"to":[21.817,-60.674,0],"ti":[-24.515,42.024,0]},{"i":{"x":0.689,"y":1},"o":{"x":0.167,"y":0},"t":11,"s":[89,-17.625,0],"to":[1.616,-2.77,0],"ti":[0,0,0]},{"t":53.0000021587343,"s":[12,291.375,0]}],"ix":2},"a":{"a":0,"k":[0,0,0],"ix":1},"s":{"a":0,"k":[119.229,195.836,150],"ix":6}},"ao":0,"shapes":[{"ty":"gr","it":[{"ind":0,"ty":"sh","ix":1,"ks":{"a":0,"k":{"i":[[0,0]],"o":[[0,0]],"v":[[-3411.937,-159.493]],"c":false},"ix":2},"nm":"Path 1","mn":"ADBE Vector Shape - Group","hd":false},{"ty":"fl","c":{"a":0,"k":[1,0,0.227450980392,1],"ix":4},"o":{"a":0,"k":100,"ix":5},"r":1,"bm":0,"nm":"Fill 1","mn":"ADBE Vector Graphic - Fill","hd":false},{"ty":"tr","p":{"a":0,"k":[0,0],"ix":2},"a":{"a":0,"k":[0,0],"ix":1},"s":{"a":0,"k":[100,100],"ix":3},"r":{"a":0,"k":0,"ix":6},"o":{"a":0,"k":100,"ix":7},"sk":{"a":0,"k":0,"ix":4},"sa":{"a":0,"k":0,"ix":5},"nm":"Transform"}],"nm":"Shape 2","np":3,"cix":2,"bm":0,"ix":1,"mn":"ADBE Vector Group","hd":false},{"ty":"gr","it":[{"ind":0,"ty":"sh","ix":1,"ks":{"a":0,"k":{"i":[[0,0],[0,0],[0,0],[0,0]],"o":[[0,0],[0,0],[0,0],[0,0]],"v":[[-68.743,-133.682],[-63.961,-119.225],[-52.697,-126.763],[-58.632,-140.864]],"c":true},"ix":2},"nm":"Path 1","mn":"ADBE Vector Shape - Group","hd":false},{"ty":"fl","c":{"a":0,"k":[1,0,0.227450980392,1],"ix":4},"o":{"a":0,"k":100,"ix":5},"r":1,"bm":0,"nm":"Fill 1","mn":"ADBE Vector Graphic - Fill","hd":false},{"ty":"tr","p":{"a":0,"k":[6.058,0.065],"ix":2},"a":{"a":0,"k":[-58,-132],"ix":1},"s":{"a":0,"k":[100,74.065],"ix":3},"r":{"a":0,"k":13.917,"ix":6},"o":{"a":0,"k":100,"ix":7},"sk":{"a":0,"k":0,"ix":4},"sa":{"a":0,"k":0,"ix":5},"nm":"Transform"}],"nm":"Shape 1","np":3,"cix":2,"bm":0,"ix":2,"mn":"ADBE Vector Group","hd":false}],"ip":0,"op":73.000002973351,"st":-4.00000016292334,"bm":0},{"ddd":1,"ind":21,"ty":4,"nm":"G_14","sr":1,"ks":{"o":{"a":1,"k":[{"i":{"x":[0.833],"y":[0.833]},"o":{"x":[0.167],"y":[0.167]},"t":52,"s":[100]},{"t":57.0000023216576,"s":[0]}],"ix":11},"rx":{"a":0,"k":23.875,"ix":8},"ry":{"a":1,"k":[{"i":{"x":[0.667],"y":[1]},"o":{"x":[0.167],"y":[0.167]},"t":20,"s":[360]},{"i":{"x":[0.833],"y":[0.833]},"o":{"x":[0.167],"y":[0.167]},"t":28,"s":[443]},{"t":78.0000031770051,"s":[1834]}],"ix":9},"rz":{"a":0,"k":2275.2,"ix":10},"or":{"a":0,"k":[277.248,229.718,207.76],"ix":7},"p":{"a":1,"k":[{"i":{"x":0.688,"y":1},"o":{"x":0.332,"y":0},"t":20,"s":[233,-47.625,0],"to":[-106.5,94.625,0],"ti":[71,-113.375,0]},{"t":79.000003217736,"s":[232.5,641.375,0]}],"ix":2},"a":{"a":0,"k":[0,0,0],"ix":1},"s":{"a":1,"k":[{"i":{"x":[0.833,0.833,0.833],"y":[0.833,0.833,0.833]},"o":{"x":[0.167,0.167,0.167],"y":[0.167,0.167,0.167]},"t":30,"s":[107.45,291.548,184.247]},{"t":52.0000021180034,"s":[174.956,474.712,300]}],"ix":6}},"ao":0,"shapes":[{"ty":"gr","it":[{"ind":0,"ty":"sh","ix":1,"ks":{"a":0,"k":{"i":[[0,0]],"o":[[0,0]],"v":[[-3411.937,-159.493]],"c":false},"ix":2},"nm":"Path 1","mn":"ADBE Vector Shape - Group","hd":false},{"ty":"fl","c":{"a":0,"k":[1,0,0.227450980392,1],"ix":4},"o":{"a":0,"k":100,"ix":5},"r":1,"bm":0,"nm":"Fill 1","mn":"ADBE Vector Graphic - Fill","hd":false},{"ty":"tr","p":{"a":0,"k":[0,0],"ix":2},"a":{"a":0,"k":[0,0],"ix":1},"s":{"a":0,"k":[100,100],"ix":3},"r":{"a":0,"k":0,"ix":6},"o":{"a":0,"k":100,"ix":7},"sk":{"a":0,"k":0,"ix":4},"sa":{"a":0,"k":0,"ix":5},"nm":"Transform"}],"nm":"Shape 2","np":3,"cix":2,"bm":0,"ix":1,"mn":"ADBE Vector Group","hd":false},{"ty":"gr","it":[{"ind":0,"ty":"sh","ix":1,"ks":{"a":0,"k":{"i":[[0,0],[0,0],[0,0],[0,0]],"o":[[0,0],[0,0],[0,0],[0,0]],"v":[[-69.544,-130.563],[-61.698,-121.793],[-53.28,-128.926],[-61.586,-138.017]],"c":true},"ix":2},"nm":"Path 1","mn":"ADBE Vector Shape - Group","hd":false},{"ty":"fl","c":{"a":0,"k":[1,0,0.227450980392,1],"ix":4},"o":{"a":0,"k":100,"ix":5},"r":1,"bm":0,"nm":"Fill 1","mn":"ADBE Vector Graphic - Fill","hd":false},{"ty":"tr","p":{"a":0,"k":[6.058,0.065],"ix":2},"a":{"a":0,"k":[-58,-132],"ix":1},"s":{"a":0,"k":[100,74.065],"ix":3},"r":{"a":0,"k":13.917,"ix":6},"o":{"a":0,"k":100,"ix":7},"sk":{"a":0,"k":0,"ix":4},"sa":{"a":0,"k":0,"ix":5},"nm":"Transform"}],"nm":"Shape 1","np":3,"cix":2,"bm":0,"ix":2,"mn":"ADBE Vector Group","hd":false}],"ip":20.0000008146167,"op":80.0000032584668,"st":3.00000012219251,"bm":0},{"ddd":1,"ind":22,"ty":4,"nm":"G_05","sr":1,"ks":{"o":{"a":1,"k":[{"i":{"x":[0.833],"y":[0.833]},"o":{"x":[0.167],"y":[0.167]},"t":4,"s":[0]},{"i":{"x":[0.833],"y":[0.833]},"o":{"x":[0.167],"y":[0.167]},"t":10,"s":[100]},{"i":{"x":[0.833],"y":[0.833]},"o":{"x":[0.167],"y":[0.167]},"t":36,"s":[100]},{"t":48.0000019550801,"s":[0]}],"ix":11},"rx":{"a":0,"k":23.875,"ix":8},"ry":{"a":1,"k":[{"i":{"x":[0.833],"y":[0.833]},"o":{"x":[0.167],"y":[0.167]},"t":4,"s":[0]},{"i":{"x":[0.667],"y":[1]},"o":{"x":[0.167],"y":[0.167]},"t":13,"s":[360]},{"i":{"x":[0.833],"y":[0.833]},"o":{"x":[0.167],"y":[0.167]},"t":21,"s":[443]},{"t":71.0000028918893,"s":[2914]}],"ix":9},"rz":{"a":1,"k":[{"i":{"x":[0.833],"y":[0.833]},"o":{"x":[0.167],"y":[0.167]},"t":4,"s":[2520]},{"i":{"x":[0.667],"y":[1]},"o":{"x":[0.167],"y":[0.167]},"t":13,"s":[2491]},{"i":{"x":[0.833],"y":[0.833]},"o":{"x":[0.167],"y":[0.167]},"t":21,"s":[2520]},{"t":71.0000028918893,"s":[3600]}],"ix":10},"or":{"a":0,"k":[277.248,237.718,207.76],"ix":7},"p":{"a":1,"k":[{"i":{"x":0.833,"y":0.758},"o":{"x":0.248,"y":0.36},"t":0,"s":[190.07,389.606,-1.906],"to":[0,-0.833,0],"ti":[-4.866,13.532,0]},{"i":{"x":0.689,"y":1},"o":{"x":0.248,"y":0.153},"t":4,"s":[190.07,339.606,-1.906],"to":[21.817,-60.674,0],"ti":[-24.515,42.024,0]},{"i":{"x":0.688,"y":1},"o":{"x":0.332,"y":0},"t":13,"s":[142,82.375,0],"to":[1.616,-2.77,0],"ti":[0,0,0]},{"t":68.0000027696968,"s":[166.5,646.375,0]}],"ix":2},"a":{"a":0,"k":[0,0,0],"ix":1},"s":{"a":1,"k":[{"i":{"x":[0.833,0.833,0.833],"y":[0.833,0.833,0.833]},"o":{"x":[0.167,0.167,0.167],"y":[0.167,0.167,0.167]},"t":34,"s":[143.074,235.003,180]},{"t":45.0000018328876,"s":[198.714,326.393,250]}],"ix":6}},"ao":0,"shapes":[{"ty":"gr","it":[{"ind":0,"ty":"sh","ix":1,"ks":{"a":0,"k":{"i":[[0,0]],"o":[[0,0]],"v":[[-3411.937,-159.493]],"c":false},"ix":2},"nm":"Path 1","mn":"ADBE Vector Shape - Group","hd":false},{"ty":"fl","c":{"a":0,"k":[1,0,0.227450980392,1],"ix":4},"o":{"a":0,"k":100,"ix":5},"r":1,"bm":0,"nm":"Fill 1","mn":"ADBE Vector Graphic - Fill","hd":false},{"ty":"tr","p":{"a":0,"k":[0,0],"ix":2},"a":{"a":0,"k":[0,0],"ix":1},"s":{"a":0,"k":[100,100],"ix":3},"r":{"a":0,"k":0,"ix":6},"o":{"a":0,"k":100,"ix":7},"sk":{"a":0,"k":0,"ix":4},"sa":{"a":0,"k":0,"ix":5},"nm":"Transform"}],"nm":"Shape 2","np":3,"cix":2,"bm":0,"ix":1,"mn":"ADBE Vector Group","hd":false},{"ty":"gr","it":[{"ind":0,"ty":"sh","ix":1,"ks":{"a":0,"k":{"i":[[0,0],[0,0],[0,0],[0,0]],"o":[[0,0],[0,0],[0,0],[0,0]],"v":[[-68.743,-133.682],[-63.961,-119.225],[-52.697,-126.763],[-58.632,-140.864]],"c":true},"ix":2},"nm":"Path 1","mn":"ADBE Vector Shape - Group","hd":false},{"ty":"fl","c":{"a":0,"k":[1,0,0.227450980392,1],"ix":4},"o":{"a":0,"k":100,"ix":5},"r":1,"bm":0,"nm":"Fill 1","mn":"ADBE Vector Graphic - Fill","hd":false},{"ty":"tr","p":{"a":0,"k":[6.058,0.065],"ix":2},"a":{"a":0,"k":[-58,-132],"ix":1},"s":{"a":0,"k":[100,74.065],"ix":3},"r":{"a":0,"k":13.917,"ix":6},"o":{"a":0,"k":100,"ix":7},"sk":{"a":0,"k":0,"ix":4},"sa":{"a":0,"k":0,"ix":5},"nm":"Transform"}],"nm":"Shape 1","np":3,"cix":2,"bm":0,"ix":2,"mn":"ADBE Vector Group","hd":false}],"ip":0,"op":73.000002973351,"st":-4.00000016292334,"bm":0},{"ddd":1,"ind":23,"ty":4,"nm":"G_06","sr":1,"ks":{"o":{"a":1,"k":[{"i":{"x":[0.833],"y":[0.833]},"o":{"x":[0.167],"y":[0.167]},"t":4,"s":[0]},{"i":{"x":[0.833],"y":[0.833]},"o":{"x":[0.167],"y":[0.167]},"t":10,"s":[100]},{"i":{"x":[0.833],"y":[0.833]},"o":{"x":[0.167],"y":[0.167]},"t":36,"s":[100]},{"t":41.0000016699642,"s":[0]}],"ix":11},"rx":{"a":0,"k":23.875,"ix":8},"ry":{"a":1,"k":[{"i":{"x":[0.833],"y":[0.833]},"o":{"x":[0.167],"y":[0.167]},"t":4,"s":[0]},{"i":{"x":[0.667],"y":[1]},"o":{"x":[0.167],"y":[0.167]},"t":16,"s":[360]},{"i":{"x":[0.833],"y":[0.833]},"o":{"x":[0.167],"y":[0.167]},"t":19,"s":[443]},{"t":71.0000028918893,"s":[2880]}],"ix":9},"rz":{"a":1,"k":[{"i":{"x":[0.833],"y":[0.833]},"o":{"x":[0.167],"y":[0.167]},"t":4,"s":[2520]},{"i":{"x":[0.667],"y":[1]},"o":{"x":[0.167],"y":[0.167]},"t":16,"s":[2537]},{"i":{"x":[0.833],"y":[0.833]},"o":{"x":[0.167],"y":[0.167]},"t":19,"s":[2520]},{"t":71.0000028918893,"s":[3240]}],"ix":10},"or":{"a":0,"k":[277.248,237.718,207.76],"ix":7},"p":{"a":1,"k":[{"i":{"x":0.833,"y":0.758},"o":{"x":0.248,"y":0.36},"t":0,"s":[168.07,389.606,-1.906],"to":[0,-0.833,0],"ti":[-4.866,13.532,0]},{"i":{"x":0.689,"y":1},"o":{"x":0.248,"y":0.173},"t":4,"s":[168.07,339.606,-1.906],"to":[21.817,-60.674,0],"ti":[-24.515,42.024,0]},{"i":{"x":0.688,"y":1},"o":{"x":0.332,"y":0},"t":16,"s":[386,116.375,0],"to":[1.616,-2.77,0],"ti":[0,0,0]},{"t":71.0000028918893,"s":[399.5,576.375,0]}],"ix":2},"a":{"a":0,"k":[0,0,0],"ix":1},"s":{"a":0,"k":[79.486,130.557,100],"ix":6}},"ao":0,"shapes":[{"ty":"gr","it":[{"ind":0,"ty":"sh","ix":1,"ks":{"a":0,"k":{"i":[[0,0]],"o":[[0,0]],"v":[[-3411.937,-159.493]],"c":false},"ix":2},"nm":"Path 1","mn":"ADBE Vector Shape - Group","hd":false},{"ty":"fl","c":{"a":0,"k":[1,0,0.227450980392,1],"ix":4},"o":{"a":0,"k":100,"ix":5},"r":1,"bm":0,"nm":"Fill 1","mn":"ADBE Vector Graphic - Fill","hd":false},{"ty":"tr","p":{"a":0,"k":[0,0],"ix":2},"a":{"a":0,"k":[0,0],"ix":1},"s":{"a":0,"k":[100,100],"ix":3},"r":{"a":0,"k":0,"ix":6},"o":{"a":0,"k":100,"ix":7},"sk":{"a":0,"k":0,"ix":4},"sa":{"a":0,"k":0,"ix":5},"nm":"Transform"}],"nm":"Shape 2","np":3,"cix":2,"bm":0,"ix":1,"mn":"ADBE Vector Group","hd":false},{"ty":"gr","it":[{"ind":0,"ty":"sh","ix":1,"ks":{"a":0,"k":{"i":[[0,0],[0,0],[0,0],[0,0]],"o":[[0,0],[0,0],[0,0],[0,0]],"v":[[-68.743,-133.682],[-63.961,-119.225],[-52.697,-126.763],[-58.632,-140.864]],"c":true},"ix":2},"nm":"Path 1","mn":"ADBE Vector Shape - Group","hd":false},{"ty":"fl","c":{"a":0,"k":[1,0,0.227450980392,1],"ix":4},"o":{"a":0,"k":100,"ix":5},"r":1,"bm":0,"nm":"Fill 1","mn":"ADBE Vector Graphic - Fill","hd":false},{"ty":"tr","p":{"a":0,"k":[6.058,0.065],"ix":2},"a":{"a":0,"k":[-58,-132],"ix":1},"s":{"a":0,"k":[100,74.065],"ix":3},"r":{"a":0,"k":13.917,"ix":6},"o":{"a":0,"k":100,"ix":7},"sk":{"a":0,"k":0,"ix":4},"sa":{"a":0,"k":0,"ix":5},"nm":"Transform"}],"nm":"Shape 1","np":3,"cix":2,"bm":0,"ix":2,"mn":"ADBE Vector Group","hd":false}],"ip":0,"op":73.000002973351,"st":-4.00000016292334,"bm":0},{"ddd":1,"ind":24,"ty":4,"nm":"s_14","sr":1,"ks":{"o":{"a":1,"k":[{"i":{"x":[0.833],"y":[0.833]},"o":{"x":[0.167],"y":[0.167]},"t":4,"s":[0]},{"i":{"x":[0.833],"y":[0.833]},"o":{"x":[0.167],"y":[0.167]},"t":10,"s":[100]},{"i":{"x":[0.833],"y":[0.833]},"o":{"x":[0.167],"y":[0.167]},"t":31,"s":[100]},{"t":36.0000014663101,"s":[0]}],"ix":11},"rx":{"a":1,"k":[{"i":{"x":[0.833],"y":[0.833]},"o":{"x":[0.167],"y":[0.167]},"t":4,"s":[0]},{"i":{"x":[0.833],"y":[0.833]},"o":{"x":[0.167],"y":[0.167]},"t":14,"s":[360]},{"i":{"x":[0.833],"y":[0.833]},"o":{"x":[0.167],"y":[0.167]},"t":23,"s":[443]},{"t":71.0000028918893,"s":[3914]}],"ix":8},"ry":{"a":0,"k":0,"ix":9},"rz":{"a":0,"k":2966.6,"ix":10},"or":{"a":1,"k":[{"i":{"x":0.833,"y":0.833},"o":{"x":0.167,"y":0.167},"t":14,"s":[46,43,72],"to":[72,0,0],"ti":[1,0,0]},{"t":24.00000097754,"s":[46,1,72]}],"ix":7},"p":{"a":1,"k":[{"i":{"x":0.833,"y":0.758},"o":{"x":0.248,"y":0.36},"t":0,"s":[198.07,389.606,-1.906],"to":[0,-0.833,0],"ti":[-4.866,13.532,0]},{"i":{"x":0.689,"y":1},"o":{"x":0.248,"y":0.126},"t":4,"s":[198.07,339.606,-1.906],"to":[21.817,-60.674,0],"ti":[-24.515,42.024,0]},{"i":{"x":0.688,"y":1},"o":{"x":0.332,"y":0},"t":14,"s":[380.5,29.375,0],"to":[1.616,-2.77,0],"ti":[0,0,0]},{"t":71.0000028918893,"s":[434.5,626.375,0]}],"ix":2},"a":{"a":0,"k":[0,0,0],"ix":1},"s":{"a":0,"k":[79.486,130.557,100],"ix":6}},"ao":0,"shapes":[{"ty":"gr","it":[{"ind":0,"ty":"sh","ix":1,"ks":{"a":0,"k":{"i":[[0,0]],"o":[[0,0]],"v":[[-3411.937,-159.493]],"c":false},"ix":2},"nm":"Path 1","mn":"ADBE Vector Shape - Group","hd":false},{"ty":"fl","c":{"a":0,"k":[1,0,0.227450980392,1],"ix":4},"o":{"a":0,"k":100,"ix":5},"r":1,"bm":0,"nm":"Fill 1","mn":"ADBE Vector Graphic - Fill","hd":false},{"ty":"tr","p":{"a":0,"k":[0,0],"ix":2},"a":{"a":0,"k":[0,0],"ix":1},"s":{"a":0,"k":[100,100],"ix":3},"r":{"a":0,"k":0,"ix":6},"o":{"a":0,"k":100,"ix":7},"sk":{"a":0,"k":0,"ix":4},"sa":{"a":0,"k":0,"ix":5},"nm":"Transform"}],"nm":"Shape 2","np":3,"cix":2,"bm":0,"ix":1,"mn":"ADBE Vector Group","hd":false},{"ty":"gr","it":[{"ind":0,"ty":"sh","ix":1,"ks":{"a":0,"k":{"i":[[0,0],[0,0],[0,0],[0,0]],"o":[[0,0],[0,0],[0,0],[0,0]],"v":[[-68.743,-133.682],[-63.961,-119.225],[-52.697,-126.763],[-58.632,-140.864]],"c":true},"ix":2},"nm":"Path 1","mn":"ADBE Vector Shape - Group","hd":false},{"ty":"fl","c":{"a":0,"k":[1,0,0.227450980392,1],"ix":4},"o":{"a":0,"k":100,"ix":5},"r":1,"bm":0,"nm":"Fill 1","mn":"ADBE Vector Graphic - Fill","hd":false},{"ty":"tr","p":{"a":0,"k":[6.058,0.065],"ix":2},"a":{"a":0,"k":[-58,-132],"ix":1},"s":{"a":0,"k":[100,74.065],"ix":3},"r":{"a":0,"k":13.917,"ix":6},"o":{"a":0,"k":100,"ix":7},"sk":{"a":0,"k":0,"ix":4},"sa":{"a":0,"k":0,"ix":5},"nm":"Transform"}],"nm":"Shape 1","np":3,"cix":2,"bm":0,"ix":2,"mn":"ADBE Vector Group","hd":false}],"ip":0,"op":73.000002973351,"st":-4.00000016292334,"bm":0},{"ddd":1,"ind":25,"ty":4,"nm":"s_03","sr":1,"ks":{"o":{"a":1,"k":[{"i":{"x":[0.833],"y":[0.833]},"o":{"x":[0.167],"y":[0.167]},"t":4,"s":[0]},{"i":{"x":[0.833],"y":[0.833]},"o":{"x":[0.167],"y":[0.167]},"t":10,"s":[100]},{"i":{"x":[0.833],"y":[0.833]},"o":{"x":[0.167],"y":[0.167]},"t":26,"s":[100]},{"t":31.0000012626559,"s":[0]}],"ix":11},"rx":{"a":1,"k":[{"i":{"x":[0.833],"y":[0.833]},"o":{"x":[0.167],"y":[0.167]},"t":4,"s":[0]},{"i":{"x":[0.833],"y":[0.833]},"o":{"x":[0.167],"y":[0.167]},"t":14,"s":[360]},{"i":{"x":[0.833],"y":[0.833]},"o":{"x":[0.167],"y":[0.167]},"t":23,"s":[443]},{"t":71.0000028918893,"s":[3914]}],"ix":8},"ry":{"a":0,"k":0,"ix":9},"rz":{"a":0,"k":2966.6,"ix":10},"or":{"a":1,"k":[{"i":{"x":0.833,"y":0.833},"o":{"x":0.167,"y":0.167},"t":14,"s":[46,43,72],"to":[72,0,0],"ti":[1,0,0]},{"t":24.00000097754,"s":[46,1,72]}],"ix":7},"p":{"a":1,"k":[{"i":{"x":0.833,"y":0.758},"o":{"x":0.248,"y":0.36},"t":0,"s":[198.07,389.606,-1.906],"to":[0,-0.833,0],"ti":[-4.866,13.532,0]},{"i":{"x":0.689,"y":1},"o":{"x":0.248,"y":0.244},"t":4,"s":[198.07,339.606,-1.906],"to":[21.817,-60.674,0],"ti":[-24.515,42.024,0]},{"i":{"x":0.688,"y":1},"o":{"x":0.332,"y":0},"t":14,"s":[110.5,189.375,0],"to":[1.616,-2.77,0],"ti":[0,0,0]},{"t":71.0000028918893,"s":[74.5,776.375,0]}],"ix":2},"a":{"a":0,"k":[0,0,0],"ix":1},"s":{"a":0,"k":[110.092,180.828,138.505],"ix":6}},"ao":0,"shapes":[{"ty":"gr","it":[{"ind":0,"ty":"sh","ix":1,"ks":{"a":0,"k":{"i":[[0,0]],"o":[[0,0]],"v":[[-3411.937,-159.493]],"c":false},"ix":2},"nm":"Path 1","mn":"ADBE Vector Shape - Group","hd":false},{"ty":"fl","c":{"a":0,"k":[1,0,0.227450980392,1],"ix":4},"o":{"a":0,"k":100,"ix":5},"r":1,"bm":0,"nm":"Fill 1","mn":"ADBE Vector Graphic - Fill","hd":false},{"ty":"tr","p":{"a":0,"k":[0,0],"ix":2},"a":{"a":0,"k":[0,0],"ix":1},"s":{"a":0,"k":[100,100],"ix":3},"r":{"a":0,"k":0,"ix":6},"o":{"a":0,"k":100,"ix":7},"sk":{"a":0,"k":0,"ix":4},"sa":{"a":0,"k":0,"ix":5},"nm":"Transform"}],"nm":"Shape 2","np":3,"cix":2,"bm":0,"ix":1,"mn":"ADBE Vector Group","hd":false},{"ty":"gr","it":[{"ind":0,"ty":"sh","ix":1,"ks":{"a":0,"k":{"i":[[0,0],[0,0],[0,0],[0,0]],"o":[[0,0],[0,0],[0,0],[0,0]],"v":[[-68.743,-133.682],[-63.961,-119.225],[-52.697,-126.763],[-58.632,-140.864]],"c":true},"ix":2},"nm":"Path 1","mn":"ADBE Vector Shape - Group","hd":false},{"ty":"fl","c":{"a":0,"k":[1,0,0.227450980392,1],"ix":4},"o":{"a":0,"k":100,"ix":5},"r":1,"bm":0,"nm":"Fill 1","mn":"ADBE Vector Graphic - Fill","hd":false},{"ty":"tr","p":{"a":0,"k":[6.058,0.065],"ix":2},"a":{"a":0,"k":[-58,-132],"ix":1},"s":{"a":0,"k":[100,74.065],"ix":3},"r":{"a":0,"k":13.917,"ix":6},"o":{"a":0,"k":100,"ix":7},"sk":{"a":0,"k":0,"ix":4},"sa":{"a":0,"k":0,"ix":5},"nm":"Transform"}],"nm":"Shape 1","np":3,"cix":2,"bm":0,"ix":2,"mn":"ADBE Vector Group","hd":false}],"ip":0,"op":73.000002973351,"st":-4.00000016292334,"bm":0},{"ddd":1,"ind":26,"ty":4,"nm":"G_03","sr":1,"ks":{"o":{"a":1,"k":[{"i":{"x":[0.833],"y":[0.833]},"o":{"x":[0.167],"y":[0.167]},"t":4,"s":[0]},{"i":{"x":[0.833],"y":[0.833]},"o":{"x":[0.167],"y":[0.167]},"t":10,"s":[100]},{"i":{"x":[0.833],"y":[0.833]},"o":{"x":[0.167],"y":[0.167]},"t":29,"s":[100]},{"t":34.0000013848484,"s":[0]}],"ix":11},"rx":{"a":0,"k":23.875,"ix":8},"ry":{"a":1,"k":[{"i":{"x":[0.833],"y":[0.833]},"o":{"x":[0.167],"y":[0.167]},"t":4,"s":[0]},{"i":{"x":[0.667],"y":[1]},"o":{"x":[0.167],"y":[0.167]},"t":12,"s":[360]},{"i":{"x":[0.833],"y":[0.833]},"o":{"x":[0.167],"y":[0.167]},"t":24,"s":[443]},{"t":71.0000028918893,"s":[2880]}],"ix":9},"rz":{"a":1,"k":[{"i":{"x":[0.833],"y":[0.833]},"o":{"x":[0.167],"y":[0.167]},"t":4,"s":[2520]},{"i":{"x":[0.667],"y":[1]},"o":{"x":[0.167],"y":[0]},"t":12,"s":[2520]},{"i":{"x":[0.833],"y":[0.833]},"o":{"x":[0.167],"y":[0.167]},"t":24,"s":[2520]},{"t":71.0000028918893,"s":[3240]}],"ix":10},"or":{"a":0,"k":[277.248,237.718,207.76],"ix":7},"p":{"a":1,"k":[{"i":{"x":0.833,"y":0.758},"o":{"x":0.248,"y":0.36},"t":0,"s":[168.07,389.606,-1.906],"to":[0,-0.833,0],"ti":[-4.866,13.532,0]},{"i":{"x":0.689,"y":1},"o":{"x":0.248,"y":0.139},"t":4,"s":[168.07,339.606,-1.906],"to":[21.817,-60.674,0],"ti":[-24.515,42.024,0]},{"i":{"x":0.688,"y":1},"o":{"x":0.332,"y":0},"t":12,"s":[-13,174.375,0],"to":[1.616,-2.77,0],"ti":[0,0,0]},{"t":71.0000028918893,"s":[-16.5,604.375,0]}],"ix":2},"a":{"a":0,"k":[0,0,0],"ix":1},"s":{"a":0,"k":[79.486,130.557,100],"ix":6}},"ao":0,"shapes":[{"ty":"gr","it":[{"ind":0,"ty":"sh","ix":1,"ks":{"a":0,"k":{"i":[[0,0]],"o":[[0,0]],"v":[[-3411.937,-159.493]],"c":false},"ix":2},"nm":"Path 1","mn":"ADBE Vector Shape - Group","hd":false},{"ty":"fl","c":{"a":0,"k":[1,0,0.227450980392,1],"ix":4},"o":{"a":0,"k":100,"ix":5},"r":1,"bm":0,"nm":"Fill 1","mn":"ADBE Vector Graphic - Fill","hd":false},{"ty":"tr","p":{"a":0,"k":[0,0],"ix":2},"a":{"a":0,"k":[0,0],"ix":1},"s":{"a":0,"k":[100,100],"ix":3},"r":{"a":0,"k":0,"ix":6},"o":{"a":0,"k":100,"ix":7},"sk":{"a":0,"k":0,"ix":4},"sa":{"a":0,"k":0,"ix":5},"nm":"Transform"}],"nm":"Shape 2","np":3,"cix":2,"bm":0,"ix":1,"mn":"ADBE Vector Group","hd":false},{"ty":"gr","it":[{"ind":0,"ty":"sh","ix":1,"ks":{"a":0,"k":{"i":[[0,0],[0,0],[0,0],[0,0]],"o":[[0,0],[0,0],[0,0],[0,0]],"v":[[-68.743,-133.682],[-63.961,-119.225],[-52.697,-126.763],[-58.632,-140.864]],"c":true},"ix":2},"nm":"Path 1","mn":"ADBE Vector Shape - Group","hd":false},{"ty":"fl","c":{"a":0,"k":[1,0,0.227450980392,1],"ix":4},"o":{"a":0,"k":100,"ix":5},"r":1,"bm":0,"nm":"Fill 1","mn":"ADBE Vector Graphic - Fill","hd":false},{"ty":"tr","p":{"a":0,"k":[6.058,0.065],"ix":2},"a":{"a":0,"k":[-58,-132],"ix":1},"s":{"a":0,"k":[100,74.065],"ix":3},"r":{"a":0,"k":13.917,"ix":6},"o":{"a":0,"k":100,"ix":7},"sk":{"a":0,"k":0,"ix":4},"sa":{"a":0,"k":0,"ix":5},"nm":"Transform"}],"nm":"Shape 1","np":3,"cix":2,"bm":0,"ix":2,"mn":"ADBE Vector Group","hd":false}],"ip":0,"op":73.000002973351,"st":-4.00000016292334,"bm":0},{"ddd":1,"ind":27,"ty":4,"nm":"s_21","sr":1,"ks":{"o":{"a":1,"k":[{"i":{"x":[0.833],"y":[0.833]},"o":{"x":[0.167],"y":[0.167]},"t":15,"s":[0]},{"i":{"x":[0.833],"y":[0.833]},"o":{"x":[0.167],"y":[0.167]},"t":21,"s":[100]},{"i":{"x":[0.833],"y":[0.833]},"o":{"x":[0.167],"y":[0.167]},"t":50,"s":[100]},{"t":59.0000024031193,"s":[0]}],"ix":11},"rx":{"a":1,"k":[{"i":{"x":[0.833],"y":[0.833]},"o":{"x":[0.167],"y":[0.167]},"t":15,"s":[0]},{"i":{"x":[0.833],"y":[0.833]},"o":{"x":[0.167],"y":[0.167]},"t":26,"s":[380]},{"i":{"x":[0.833],"y":[0.833]},"o":{"x":[0.167],"y":[0.167]},"t":29,"s":[443]},{"t":82.0000033399285,"s":[2880]}],"ix":8},"ry":{"a":0,"k":0,"ix":9},"rz":{"a":0,"k":2966.6,"ix":10},"or":{"a":1,"k":[{"i":{"x":0.833,"y":0.833},"o":{"x":0.167,"y":0.167},"t":26,"s":[46,43,72],"to":[72,0,0],"ti":[1,0,0]},{"t":30.0000012219251,"s":[46,1,72]}],"ix":7},"p":{"a":1,"k":[{"i":{"x":0.688,"y":1},"o":{"x":0.332,"y":0},"t":26,"s":[240.5,-28.625,0],"to":[-15,228.125,0],"ti":[4,-118.375,0]},{"t":67.0000027289659,"s":[352.5,401.375,0]}],"ix":2},"a":{"a":0,"k":[0,0,0],"ix":1},"s":{"a":1,"k":[{"i":{"x":[0.833,0.833,0.833],"y":[0.833,0.833,0.833]},"o":{"x":[0.167,0.167,0.167],"y":[0.167,0.167,0.167]},"t":38,"s":[103.331,169.724,130]},{"t":67.0000027289659,"s":[238.457,391.671,300]}],"ix":6}},"ao":0,"shapes":[{"ty":"gr","it":[{"ind":0,"ty":"sh","ix":1,"ks":{"a":0,"k":{"i":[[0,0]],"o":[[0,0]],"v":[[-3411.937,-159.493]],"c":false},"ix":2},"nm":"Path 1","mn":"ADBE Vector Shape - Group","hd":false},{"ty":"fl","c":{"a":0,"k":[0.156862745098,0.701960784314,0.741176470588,1],"ix":4},"o":{"a":0,"k":100,"ix":5},"r":1,"bm":0,"nm":"Fill 1","mn":"ADBE Vector Graphic - Fill","hd":false},{"ty":"tr","p":{"a":0,"k":[0,0],"ix":2},"a":{"a":0,"k":[0,0],"ix":1},"s":{"a":0,"k":[100,100],"ix":3},"r":{"a":0,"k":0,"ix":6},"o":{"a":0,"k":100,"ix":7},"sk":{"a":0,"k":0,"ix":4},"sa":{"a":0,"k":0,"ix":5},"nm":"Transform"}],"nm":"Shape 2","np":3,"cix":2,"bm":0,"ix":1,"mn":"ADBE Vector Group","hd":false},{"ty":"gr","it":[{"ind":0,"ty":"sh","ix":1,"ks":{"a":0,"k":{"i":[[0,0],[0,0],[0,0],[0,0]],"o":[[0,0],[0,0],[0,0],[0,0]],"v":[[-68.743,-133.682],[-63.961,-119.225],[-56.764,-127.659],[-58.632,-140.864]],"c":true},"ix":2},"nm":"Path 1","mn":"ADBE Vector Shape - Group","hd":false},{"ty":"fl","c":{"a":0,"k":[0.976470589638,0.807843148708,0.301960796118,1],"ix":4},"o":{"a":0,"k":100,"ix":5},"r":1,"bm":0,"nm":"Fill 1","mn":"ADBE Vector Graphic - Fill","hd":false},{"ty":"tr","p":{"a":0,"k":[6.058,0.065],"ix":2},"a":{"a":0,"k":[-58,-132],"ix":1},"s":{"a":0,"k":[100,74.065],"ix":3},"r":{"a":0,"k":13.917,"ix":6},"o":{"a":0,"k":100,"ix":7},"sk":{"a":0,"k":0,"ix":4},"sa":{"a":0,"k":0,"ix":5},"nm":"Transform"}],"nm":"Shape 1","np":3,"cix":2,"bm":0,"ix":2,"mn":"ADBE Vector Group","hd":false}],"ip":26.0000010590017,"op":84.0000034213901,"st":7.00000028511585,"bm":0},{"ddd":1,"ind":28,"ty":4,"nm":"s_13","sr":1,"ks":{"o":{"a":1,"k":[{"i":{"x":[0.833],"y":[0.833]},"o":{"x":[0.167],"y":[0.167]},"t":4,"s":[0]},{"i":{"x":[0.833],"y":[0.833]},"o":{"x":[0.167],"y":[0.167]},"t":10,"s":[100]},{"i":{"x":[0.833],"y":[0.833]},"o":{"x":[0.167],"y":[0.167]},"t":44,"s":[100]},{"t":49.0000019958109,"s":[0]}],"ix":11},"rx":{"a":1,"k":[{"i":{"x":[0.833],"y":[0.833]},"o":{"x":[0.167],"y":[0.167]},"t":4,"s":[0]},{"i":{"x":[0.833],"y":[0.833]},"o":{"x":[0.167],"y":[0.167]},"t":14,"s":[360]},{"i":{"x":[0.833],"y":[0.833]},"o":{"x":[0.167],"y":[0.167]},"t":21,"s":[443]},{"t":71.0000028918893,"s":[2880]}],"ix":8},"ry":{"a":0,"k":0,"ix":9},"rz":{"a":0,"k":2966.6,"ix":10},"or":{"a":1,"k":[{"i":{"x":0.833,"y":0.833},"o":{"x":0.167,"y":0.167},"t":14,"s":[46,43,72],"to":[72,0,0],"ti":[1,0,0]},{"t":22.0000008960784,"s":[46,1,72]}],"ix":7},"p":{"a":1,"k":[{"i":{"x":0.833,"y":0.758},"o":{"x":0.248,"y":0.36},"t":0,"s":[178.07,299.606,-1.906],"to":[0,-0.833,0],"ti":[-4.866,13.532,0]},{"i":{"x":0.689,"y":1},"o":{"x":0.248,"y":0.146},"t":4,"s":[178.07,249.606,-1.906],"to":[21.817,-60.674,0],"ti":[-24.515,42.024,0]},{"i":{"x":0.688,"y":1},"o":{"x":0.332,"y":0},"t":14,"s":[33.67,-13.218,36.997],"to":[1.616,-2.77,0],"ti":[0,0,0]},{"t":71.0000028918893,"s":[-45.5,676.375,0]}],"ix":2},"a":{"a":0,"k":[0,0,0],"ix":1},"s":{"a":0,"k":[143.074,235.003,180],"ix":6}},"ao":0,"shapes":[{"ty":"gr","it":[{"ind":0,"ty":"sh","ix":1,"ks":{"a":0,"k":{"i":[[0,0]],"o":[[0,0]],"v":[[-3411.937,-159.493]],"c":false},"ix":2},"nm":"Path 1","mn":"ADBE Vector Shape - Group","hd":false},{"ty":"fl","c":{"a":0,"k":[0.156862745098,0.701960784314,0.741176470588,1],"ix":4},"o":{"a":0,"k":100,"ix":5},"r":1,"bm":0,"nm":"Fill 1","mn":"ADBE Vector Graphic - Fill","hd":false},{"ty":"tr","p":{"a":0,"k":[0,0],"ix":2},"a":{"a":0,"k":[0,0],"ix":1},"s":{"a":0,"k":[100,100],"ix":3},"r":{"a":0,"k":0,"ix":6},"o":{"a":0,"k":100,"ix":7},"sk":{"a":0,"k":0,"ix":4},"sa":{"a":0,"k":0,"ix":5},"nm":"Transform"}],"nm":"Shape 2","np":3,"cix":2,"bm":0,"ix":1,"mn":"ADBE Vector Group","hd":false},{"ty":"gr","it":[{"ind":0,"ty":"sh","ix":1,"ks":{"a":0,"k":{"i":[[0,0],[0,0],[0,0],[0,0]],"o":[[0,0],[0,0],[0,0],[0,0]],"v":[[-68.743,-133.682],[-63.961,-119.225],[-52.697,-126.763],[-58.632,-140.864]],"c":true},"ix":2},"nm":"Path 1","mn":"ADBE Vector Shape - Group","hd":false},{"ty":"fl","c":{"a":0,"k":[0.976470589638,0.807843148708,0.301960796118,1],"ix":4},"o":{"a":0,"k":100,"ix":5},"r":1,"bm":0,"nm":"Fill 1","mn":"ADBE Vector Graphic - Fill","hd":false},{"ty":"tr","p":{"a":0,"k":[6.058,0.065],"ix":2},"a":{"a":0,"k":[-58,-132],"ix":1},"s":{"a":0,"k":[100,74.065],"ix":3},"r":{"a":0,"k":13.917,"ix":6},"o":{"a":0,"k":100,"ix":7},"sk":{"a":0,"k":0,"ix":4},"sa":{"a":0,"k":0,"ix":5},"nm":"Transform"}],"nm":"Shape 1","np":3,"cix":2,"bm":0,"ix":2,"mn":"ADBE Vector Group","hd":false}],"ip":0,"op":73.000002973351,"st":-4.00000016292334,"bm":0},{"ddd":1,"ind":29,"ty":4,"nm":"s_15","sr":1,"ks":{"o":{"a":1,"k":[{"i":{"x":[0.833],"y":[0.833]},"o":{"x":[0.167],"y":[0.167]},"t":4,"s":[0]},{"i":{"x":[0.833],"y":[0.833]},"o":{"x":[0.167],"y":[0.167]},"t":10,"s":[100]},{"i":{"x":[0.833],"y":[0.833]},"o":{"x":[0.167],"y":[0.167]},"t":35,"s":[100]},{"t":40.0000016292334,"s":[0]}],"ix":11},"rx":{"a":1,"k":[{"i":{"x":[0.833],"y":[0.833]},"o":{"x":[0.167],"y":[0.167]},"t":4,"s":[0]},{"i":{"x":[0.833],"y":[0.833]},"o":{"x":[0.167],"y":[0.167]},"t":14,"s":[360]},{"i":{"x":[0.833],"y":[0.833]},"o":{"x":[0.167],"y":[0.167]},"t":21,"s":[443]},{"t":71.0000028918893,"s":[2880]}],"ix":8},"ry":{"a":0,"k":0,"ix":9},"rz":{"a":0,"k":2966.6,"ix":10},"or":{"a":1,"k":[{"i":{"x":0.833,"y":0.833},"o":{"x":0.167,"y":0.167},"t":14,"s":[46,43,72],"to":[72,0,0],"ti":[1,0,0]},{"t":22.0000008960784,"s":[46,1,72]}],"ix":7},"p":{"a":1,"k":[{"i":{"x":0.833,"y":0.874},"o":{"x":0.248,"y":0.187},"t":0,"s":[198.07,389.606,-1.906],"to":[0,-0.833,0],"ti":[4.084,128.415,0]},{"i":{"x":0.689,"y":1},"o":{"x":0.248,"y":0.181},"t":4,"s":[198.07,339.606,-1.906],"to":[-4.084,-128.415,0],"ti":[-24.515,42.024,0]},{"t":18.000000733155,"s":[-33.5,96.375,0]}],"ix":2},"a":{"a":0,"k":[0,0,0],"ix":1},"s":{"a":1,"k":[{"i":{"x":[0.833,0.833,0.833],"y":[0.833,0.833,0.833]},"o":{"x":[0.167,0.167,0.167],"y":[0.167,0.167,0.167]},"t":9,"s":[143.074,235.003,180]},{"t":14.0000005702317,"s":[95.383,156.669,120]}],"ix":6}},"ao":0,"shapes":[{"ty":"gr","it":[{"ind":0,"ty":"sh","ix":1,"ks":{"a":0,"k":{"i":[[0,0]],"o":[[0,0]],"v":[[-3411.937,-159.493]],"c":false},"ix":2},"nm":"Path 1","mn":"ADBE Vector Shape - Group","hd":false},{"ty":"fl","c":{"a":0,"k":[0.156862745098,0.701960784314,0.741176470588,1],"ix":4},"o":{"a":0,"k":100,"ix":5},"r":1,"bm":0,"nm":"Fill 1","mn":"ADBE Vector Graphic - Fill","hd":false},{"ty":"tr","p":{"a":0,"k":[0,0],"ix":2},"a":{"a":0,"k":[0,0],"ix":1},"s":{"a":0,"k":[100,100],"ix":3},"r":{"a":0,"k":0,"ix":6},"o":{"a":0,"k":100,"ix":7},"sk":{"a":0,"k":0,"ix":4},"sa":{"a":0,"k":0,"ix":5},"nm":"Transform"}],"nm":"Shape 2","np":3,"cix":2,"bm":0,"ix":1,"mn":"ADBE Vector Group","hd":false},{"ty":"gr","it":[{"ind":0,"ty":"sh","ix":1,"ks":{"a":0,"k":{"i":[[0,0],[0,0],[0,0],[0,0]],"o":[[0,0],[0,0],[0,0],[0,0]],"v":[[-68.743,-133.682],[-63.961,-119.225],[-52.697,-126.763],[-58.632,-140.864]],"c":true},"ix":2},"nm":"Path 1","mn":"ADBE Vector Shape - Group","hd":false},{"ty":"fl","c":{"a":0,"k":[0.976470589638,0.807843148708,0.301960796118,1],"ix":4},"o":{"a":0,"k":100,"ix":5},"r":1,"bm":0,"nm":"Fill 1","mn":"ADBE Vector Graphic - Fill","hd":false},{"ty":"tr","p":{"a":0,"k":[6.058,0.065],"ix":2},"a":{"a":0,"k":[-58,-132],"ix":1},"s":{"a":0,"k":[100,74.065],"ix":3},"r":{"a":0,"k":13.917,"ix":6},"o":{"a":0,"k":100,"ix":7},"sk":{"a":0,"k":0,"ix":4},"sa":{"a":0,"k":0,"ix":5},"nm":"Transform"}],"nm":"Shape 1","np":3,"cix":2,"bm":0,"ix":2,"mn":"ADBE Vector Group","hd":false}],"ip":0,"op":73.000002973351,"st":-4.00000016292334,"bm":0},{"ddd":1,"ind":30,"ty":4,"nm":"s_02","sr":1,"ks":{"o":{"a":1,"k":[{"i":{"x":[0.833],"y":[0.833]},"o":{"x":[0.167],"y":[0.167]},"t":4,"s":[0]},{"i":{"x":[0.833],"y":[0.833]},"o":{"x":[0.167],"y":[0.167]},"t":10,"s":[100]},{"i":{"x":[0.833],"y":[0.833]},"o":{"x":[0.167],"y":[0.167]},"t":32,"s":[100]},{"t":37.0000015070409,"s":[0]}],"ix":11},"rx":{"a":1,"k":[{"i":{"x":[0.833],"y":[0.833]},"o":{"x":[0.167],"y":[0.167]},"t":4,"s":[0]},{"i":{"x":[0.833],"y":[0.833]},"o":{"x":[0.167],"y":[0.167]},"t":14,"s":[360]},{"i":{"x":[0.833],"y":[0.833]},"o":{"x":[0.167],"y":[0.167]},"t":21,"s":[443]},{"t":71.0000028918893,"s":[2880]}],"ix":8},"ry":{"a":0,"k":0,"ix":9},"rz":{"a":0,"k":2966.6,"ix":10},"or":{"a":0,"k":[46,326,72],"ix":7},"p":{"a":1,"k":[{"i":{"x":0.833,"y":0.874},"o":{"x":0.248,"y":0.187},"t":0,"s":[198.07,389.606,-1.906],"to":[0,-0.833,0],"ti":[4.084,128.415,0]},{"i":{"x":0.689,"y":1},"o":{"x":0.248,"y":0.113},"t":4,"s":[198.07,339.606,-1.906],"to":[-4.084,-128.415,0],"ti":[-24.515,42.024,0]},{"i":{"x":0.688,"y":1},"o":{"x":0.332,"y":0},"t":14,"s":[58.5,-29.625,0],"to":[1.616,-2.77,0],"ti":[0,0,0]},{"t":63.0000025660426,"s":[-11.5,676.375,0]}],"ix":2},"a":{"a":0,"k":[0,0,0],"ix":1},"s":{"a":0,"k":[143.074,235.003,180],"ix":6}},"ao":0,"shapes":[{"ty":"gr","it":[{"ind":0,"ty":"sh","ix":1,"ks":{"a":0,"k":{"i":[[0,0]],"o":[[0,0]],"v":[[-3411.937,-159.493]],"c":false},"ix":2},"nm":"Path 1","mn":"ADBE Vector Shape - Group","hd":false},{"ty":"fl","c":{"a":0,"k":[0.156862745098,0.701960784314,0.741176470588,1],"ix":4},"o":{"a":0,"k":100,"ix":5},"r":1,"bm":0,"nm":"Fill 1","mn":"ADBE Vector Graphic - Fill","hd":false},{"ty":"tr","p":{"a":0,"k":[0,0],"ix":2},"a":{"a":0,"k":[0,0],"ix":1},"s":{"a":0,"k":[100,100],"ix":3},"r":{"a":0,"k":0,"ix":6},"o":{"a":0,"k":100,"ix":7},"sk":{"a":0,"k":0,"ix":4},"sa":{"a":0,"k":0,"ix":5},"nm":"Transform"}],"nm":"Shape 2","np":3,"cix":2,"bm":0,"ix":1,"mn":"ADBE Vector Group","hd":false},{"ty":"gr","it":[{"ind":0,"ty":"sh","ix":1,"ks":{"a":0,"k":{"i":[[0,0],[0,0],[0,0],[0,0]],"o":[[0,0],[0,0],[0,0],[0,0]],"v":[[-68.743,-133.682],[-63.961,-119.225],[-52.697,-126.763],[-58.632,-140.864]],"c":true},"ix":2},"nm":"Path 1","mn":"ADBE Vector Shape - Group","hd":false},{"ty":"fl","c":{"a":0,"k":[0.976470589638,0.807843148708,0.301960796118,1],"ix":4},"o":{"a":0,"k":100,"ix":5},"r":1,"bm":0,"nm":"Fill 1","mn":"ADBE Vector Graphic - Fill","hd":false},{"ty":"tr","p":{"a":0,"k":[6.058,0.065],"ix":2},"a":{"a":0,"k":[-58,-132],"ix":1},"s":{"a":0,"k":[100,74.065],"ix":3},"r":{"a":0,"k":13.917,"ix":6},"o":{"a":0,"k":100,"ix":7},"sk":{"a":0,"k":0,"ix":4},"sa":{"a":0,"k":0,"ix":5},"nm":"Transform"}],"nm":"Shape 1","np":3,"cix":2,"bm":0,"ix":2,"mn":"ADBE Vector Group","hd":false}],"ip":0,"op":73.000002973351,"st":-4.00000016292334,"bm":0},{"ddd":1,"ind":31,"ty":4,"nm":"G_11","sr":1,"ks":{"o":{"a":1,"k":[{"i":{"x":[0.833],"y":[0.833]},"o":{"x":[0.167],"y":[0.167]},"t":4,"s":[0]},{"i":{"x":[0.833],"y":[0.833]},"o":{"x":[0.167],"y":[0.167]},"t":10,"s":[100]},{"i":{"x":[0.833],"y":[0.833]},"o":{"x":[0.167],"y":[0.167]},"t":35,"s":[100]},{"t":40.0000016292334,"s":[0]}],"ix":11},"rx":{"a":1,"k":[{"i":{"x":[0.833],"y":[0.833]},"o":{"x":[0.167],"y":[0.167]},"t":16,"s":[3623.875]},{"t":71.0000028918893,"s":[3623.875]}],"ix":8},"ry":{"a":1,"k":[{"i":{"x":[0.601],"y":[0.811]},"o":{"x":[0.172],"y":[0.096]},"t":4,"s":[0]},{"i":{"x":[0.696],"y":[1]},"o":{"x":[0.352],"y":[0.116]},"t":16,"s":[381.71]},{"t":18.000000733155,"s":[473]}],"ix":9},"rz":{"a":1,"k":[{"i":{"x":[0.833],"y":[0.833]},"o":{"x":[0.167],"y":[0.167]},"t":4,"s":[2520]},{"i":{"x":[0.667],"y":[1]},"o":{"x":[0.167],"y":[0.167]},"t":16,"s":[2563]},{"i":{"x":[0.833],"y":[0.833]},"o":{"x":[0.167],"y":[0.167]},"t":18,"s":[2520]},{"t":71.0000028918893,"s":[3600]}],"ix":10},"or":{"a":1,"k":[{"i":{"x":0.833,"y":0.833},"o":{"x":0.167,"y":0.167},"t":15,"s":[42.248,329.718,71.76],"to":[71.76,0,0],"ti":[329.718,0,0]},{"t":52.0000021180034,"s":[42.248,329.718,26.76]}],"ix":7},"p":{"a":1,"k":[{"i":{"x":0.833,"y":0.758},"o":{"x":0.248,"y":0.36},"t":0,"s":[268.07,349.606,-1.906],"to":[0,-0.833,0],"ti":[-4.866,13.532,0]},{"i":{"x":0.689,"y":1},"o":{"x":0.248,"y":0.261},"t":4,"s":[268.07,299.606,-1.906],"to":[21.817,-60.674,0],"ti":[-24.515,42.024,0]},{"t":16.0000006516934,"s":[446.5,204.875,0]}],"ix":2},"a":{"a":0,"k":[0,0,0],"ix":1},"s":{"a":0,"k":[127.177,208.891,160],"ix":6}},"ao":0,"shapes":[{"ty":"gr","it":[{"ind":0,"ty":"sh","ix":1,"ks":{"a":0,"k":{"i":[[0,0]],"o":[[0,0]],"v":[[-3411.937,-159.493]],"c":false},"ix":2},"nm":"Path 1","mn":"ADBE Vector Shape - Group","hd":false},{"ty":"fl","c":{"a":0,"k":[0.156862745098,0.701960784314,0.741176470588,1],"ix":4},"o":{"a":0,"k":100,"ix":5},"r":1,"bm":0,"nm":"Fill 1","mn":"ADBE Vector Graphic - Fill","hd":false},{"ty":"tr","p":{"a":0,"k":[0,0],"ix":2},"a":{"a":0,"k":[0,0],"ix":1},"s":{"a":0,"k":[100,100],"ix":3},"r":{"a":0,"k":0,"ix":6},"o":{"a":0,"k":100,"ix":7},"sk":{"a":0,"k":0,"ix":4},"sa":{"a":0,"k":0,"ix":5},"nm":"Transform"}],"nm":"Shape 2","np":3,"cix":2,"bm":0,"ix":1,"mn":"ADBE Vector Group","hd":false},{"ty":"gr","it":[{"ind":0,"ty":"sh","ix":1,"ks":{"a":0,"k":{"i":[[0,0],[0,0],[0,0],[0,0]],"o":[[0,0],[0,0],[0,0],[0,0]],"v":[[-68.743,-133.682],[-63.961,-119.225],[-52.697,-126.763],[-58.632,-140.864]],"c":true},"ix":2},"nm":"Path 1","mn":"ADBE Vector Shape - Group","hd":false},{"ty":"fl","c":{"a":0,"k":[0.976470589638,0.807843148708,0.301960796118,1],"ix":4},"o":{"a":0,"k":100,"ix":5},"r":1,"bm":0,"nm":"Fill 1","mn":"ADBE Vector Graphic - Fill","hd":false},{"ty":"tr","p":{"a":0,"k":[6.058,0.065],"ix":2},"a":{"a":0,"k":[-58,-132],"ix":1},"s":{"a":0,"k":[100,74.065],"ix":3},"r":{"a":0,"k":13.917,"ix":6},"o":{"a":0,"k":100,"ix":7},"sk":{"a":0,"k":0,"ix":4},"sa":{"a":0,"k":0,"ix":5},"nm":"Transform"}],"nm":"Shape 1","np":3,"cix":2,"bm":0,"ix":2,"mn":"ADBE Vector Group","hd":false}],"ip":0,"op":73.000002973351,"st":-4.00000016292334,"bm":0},{"ddd":1,"ind":32,"ty":4,"nm":"G_02","sr":1,"ks":{"o":{"a":1,"k":[{"i":{"x":[0.833],"y":[0.833]},"o":{"x":[0.167],"y":[0.167]},"t":4,"s":[0]},{"i":{"x":[0.833],"y":[0.833]},"o":{"x":[0.167],"y":[0.167]},"t":10,"s":[100]},{"i":{"x":[0.833],"y":[0.833]},"o":{"x":[0.167],"y":[0.167]},"t":35,"s":[100]},{"t":40.0000016292334,"s":[0]}],"ix":11},"rx":{"a":1,"k":[{"i":{"x":[0.833],"y":[0.833]},"o":{"x":[0.167],"y":[0.167]},"t":16,"s":[3623.875]},{"t":71.0000028918893,"s":[3623.875]}],"ix":8},"ry":{"a":1,"k":[{"i":{"x":[0.601],"y":[0.811]},"o":{"x":[0.172],"y":[0.096]},"t":4,"s":[0]},{"i":{"x":[0.696],"y":[1]},"o":{"x":[0.352],"y":[0.116]},"t":16,"s":[381.71]},{"t":18.000000733155,"s":[473]}],"ix":9},"rz":{"a":1,"k":[{"i":{"x":[0.833],"y":[0.833]},"o":{"x":[0.167],"y":[0.167]},"t":4,"s":[2520]},{"i":{"x":[0.667],"y":[1]},"o":{"x":[0.167],"y":[0.167]},"t":16,"s":[2563]},{"i":{"x":[0.833],"y":[0.833]},"o":{"x":[0.167],"y":[0.167]},"t":18,"s":[2520]},{"t":71.0000028918893,"s":[3600]}],"ix":10},"or":{"a":1,"k":[{"i":{"x":0.833,"y":0.833},"o":{"x":0.167,"y":0.167},"t":15,"s":[42.248,329.718,71.76],"to":[71.76,0,0],"ti":[329.718,0,0]},{"t":52.0000021180034,"s":[42.248,329.718,26.76]}],"ix":7},"p":{"a":1,"k":[{"i":{"x":0.833,"y":0.758},"o":{"x":0.248,"y":0.36},"t":0,"s":[198.07,389.606,-1.906],"to":[0,-0.833,0],"ti":[-4.866,13.532,0]},{"i":{"x":0.689,"y":1},"o":{"x":0.248,"y":0.3},"t":4,"s":[198.07,339.606,-1.906],"to":[21.817,-60.674,0],"ti":[-24.515,42.024,0]},{"i":{"x":0.688,"y":1},"o":{"x":0.332,"y":0},"t":16,"s":[289.5,183.875,0],"to":[1.616,-2.77,0],"ti":[0,0,0]},{"t":71.0000028918893,"s":[304.5,646.375,0]}],"ix":2},"a":{"a":0,"k":[0,0,0],"ix":1},"s":{"a":0,"k":[79.486,130.557,100],"ix":6}},"ao":0,"shapes":[{"ty":"gr","it":[{"ind":0,"ty":"sh","ix":1,"ks":{"a":0,"k":{"i":[[0,0]],"o":[[0,0]],"v":[[-3411.937,-159.493]],"c":false},"ix":2},"nm":"Path 1","mn":"ADBE Vector Shape - Group","hd":false},{"ty":"fl","c":{"a":0,"k":[0.156862745098,0.701960784314,0.741176470588,1],"ix":4},"o":{"a":0,"k":100,"ix":5},"r":1,"bm":0,"nm":"Fill 1","mn":"ADBE Vector Graphic - Fill","hd":false},{"ty":"tr","p":{"a":0,"k":[0,0],"ix":2},"a":{"a":0,"k":[0,0],"ix":1},"s":{"a":0,"k":[100,100],"ix":3},"r":{"a":0,"k":0,"ix":6},"o":{"a":0,"k":100,"ix":7},"sk":{"a":0,"k":0,"ix":4},"sa":{"a":0,"k":0,"ix":5},"nm":"Transform"}],"nm":"Shape 2","np":3,"cix":2,"bm":0,"ix":1,"mn":"ADBE Vector Group","hd":false},{"ty":"gr","it":[{"ind":0,"ty":"sh","ix":1,"ks":{"a":0,"k":{"i":[[0,0],[0,0],[0,0],[0,0]],"o":[[0,0],[0,0],[0,0],[0,0]],"v":[[-68.743,-133.682],[-63.961,-119.225],[-52.697,-126.763],[-58.632,-140.864]],"c":true},"ix":2},"nm":"Path 1","mn":"ADBE Vector Shape - Group","hd":false},{"ty":"fl","c":{"a":0,"k":[0.976470589638,0.807843148708,0.301960796118,1],"ix":4},"o":{"a":0,"k":100,"ix":5},"r":1,"bm":0,"nm":"Fill 1","mn":"ADBE Vector Graphic - Fill","hd":false},{"ty":"tr","p":{"a":0,"k":[6.058,0.065],"ix":2},"a":{"a":0,"k":[-58,-132],"ix":1},"s":{"a":0,"k":[100,74.065],"ix":3},"r":{"a":0,"k":13.917,"ix":6},"o":{"a":0,"k":100,"ix":7},"sk":{"a":0,"k":0,"ix":4},"sa":{"a":0,"k":0,"ix":5},"nm":"Transform"}],"nm":"Shape 1","np":3,"cix":2,"bm":0,"ix":2,"mn":"ADBE Vector Group","hd":false}],"ip":0,"op":73.000002973351,"st":-4.00000016292334,"bm":0},{"ddd":1,"ind":33,"ty":4,"nm":"G_01","sr":1,"ks":{"o":{"a":1,"k":[{"i":{"x":[0.833],"y":[0.833]},"o":{"x":[0.167],"y":[0.167]},"t":4,"s":[0]},{"i":{"x":[0.833],"y":[0.833]},"o":{"x":[0.167],"y":[0.167]},"t":53,"s":[100]},{"t":59.0000024031193,"s":[0]}],"ix":11},"rx":{"a":0,"k":23.875,"ix":8},"ry":{"a":1,"k":[{"i":{"x":[0.833],"y":[0.833]},"o":{"x":[0.167],"y":[0.167]},"t":4,"s":[0]},{"i":{"x":[0.667],"y":[1]},"o":{"x":[0.167],"y":[0.167]},"t":15,"s":[360]},{"i":{"x":[0.833],"y":[0.833]},"o":{"x":[0.167],"y":[0.167]},"t":21,"s":[443]},{"t":71.0000028918893,"s":[2880]}],"ix":9},"rz":{"a":1,"k":[{"i":{"x":[0.833],"y":[0.833]},"o":{"x":[0.167],"y":[0.167]},"t":4,"s":[2520]},{"i":{"x":[0.667],"y":[1]},"o":{"x":[0.167],"y":[0]},"t":15,"s":[2520]},{"i":{"x":[0.833],"y":[0.833]},"o":{"x":[0.167],"y":[0.167]},"t":21,"s":[2520]},{"t":71.0000028918893,"s":[3240]}],"ix":10},"or":{"a":0,"k":[42.248,329.718,71.76],"ix":7},"p":{"a":1,"k":[{"i":{"x":0.833,"y":0.758},"o":{"x":0.248,"y":0.36},"t":0,"s":[198.07,389.606,-1.906],"to":[0,-0.833,0],"ti":[-4.866,13.532,0]},{"i":{"x":0.689,"y":1},"o":{"x":0.248,"y":0.267},"t":4,"s":[198.07,339.606,-1.906],"to":[21.817,-60.674,0],"ti":[-24.515,42.024,0]},{"i":{"x":0.688,"y":1},"o":{"x":0.332,"y":0},"t":15,"s":[226,156.375,0],"to":[1.616,-2.77,0],"ti":[0,0,0]},{"t":78.0000031770051,"s":[214.5,706.375,0]}],"ix":2},"a":{"a":0,"k":[0,0,0],"ix":1},"s":{"a":1,"k":[{"i":{"x":[0.833,0.833,0.833],"y":[0.833,0.833,0.833]},"o":{"x":[0.167,0.167,0.167],"y":[0.167,0.167,0.167]},"t":15,"s":[79.486,130.557,100]},{"t":44.0000017921567,"s":[79.486,130.557,300]}],"ix":6}},"ao":0,"shapes":[{"ty":"gr","it":[{"ind":0,"ty":"sh","ix":1,"ks":{"a":0,"k":{"i":[[0,0]],"o":[[0,0]],"v":[[-3411.937,-159.493]],"c":false},"ix":2},"nm":"Path 1","mn":"ADBE Vector Shape - Group","hd":false},{"ty":"fl","c":{"a":0,"k":[0.156862745098,0.701960784314,0.741176470588,1],"ix":4},"o":{"a":0,"k":100,"ix":5},"r":1,"bm":0,"nm":"Fill 1","mn":"ADBE Vector Graphic - Fill","hd":false},{"ty":"tr","p":{"a":0,"k":[0,0],"ix":2},"a":{"a":0,"k":[0,0],"ix":1},"s":{"a":0,"k":[100,100],"ix":3},"r":{"a":0,"k":0,"ix":6},"o":{"a":0,"k":100,"ix":7},"sk":{"a":0,"k":0,"ix":4},"sa":{"a":0,"k":0,"ix":5},"nm":"Transform"}],"nm":"Shape 2","np":3,"cix":2,"bm":0,"ix":1,"mn":"ADBE Vector Group","hd":false},{"ty":"gr","it":[{"ind":0,"ty":"sh","ix":1,"ks":{"a":0,"k":{"i":[[0,0],[0,0],[0,0],[0,0]],"o":[[0,0],[0,0],[0,0],[0,0]],"v":[[-68.743,-133.682],[-63.961,-119.225],[-52.697,-126.763],[-58.632,-140.864]],"c":true},"ix":2},"nm":"Path 1","mn":"ADBE Vector Shape - Group","hd":false},{"ty":"fl","c":{"a":0,"k":[0.976470589638,0.807843148708,0.301960796118,1],"ix":4},"o":{"a":0,"k":100,"ix":5},"r":1,"bm":0,"nm":"Fill 1","mn":"ADBE Vector Graphic - Fill","hd":false},{"ty":"tr","p":{"a":0,"k":[6.058,0.065],"ix":2},"a":{"a":0,"k":[-58,-132],"ix":1},"s":{"a":0,"k":[100,74.065],"ix":3},"r":{"a":0,"k":13.917,"ix":6},"o":{"a":0,"k":100,"ix":7},"sk":{"a":0,"k":0,"ix":4},"sa":{"a":0,"k":0,"ix":5},"nm":"Transform"}],"nm":"Shape 1","np":3,"cix":2,"bm":0,"ix":2,"mn":"ADBE Vector Group","hd":false}],"ip":0,"op":73.000002973351,"st":-4.00000016292334,"bm":0}],"markers":[]}